filename,transcript,label
1_10004_u.wav,"And of those few months, how long have you been a demented sex pervert?",0.0
1_10009_u.wav,"Let the dead man talk. So, why do you think that?",0.0
1_1001_u.wav,"What else? Sell it on eBay as ""slightly used.""",0.0
1_1003_u.wav,"Good idea, sit with her. Hold her, comfort her. And if the moment feels right, see if you can cop a feel.",1.0
1_10190_u.wav,"Well, now that I've given up string theory, I'm struggling to find my next area of focus. So, in your professional opinion, which of these areas do you think is the most promising?",0.0
1_10462_u.wav,"You know, if you're really serious about that, I hear there are some exciting opportunities in home care for the old and fat.",1.0
1_10495_u.wav,"And if it turns out you don't... - you and I could live together. - You and... Oh, sure.",1.0
1_10496_u.wav,"- You and... Oh, sure. And while we're at it, why don't we get engaged, too? Why don't we get a little house, start a family? Enjoy our sunset years together? Do you hear yourself, woman?!",1.0
1_105_u.wav,I'm just inferring this is a couch because the evidence suggests the coffee table is having a tiny garage sale.,1.0
1_10748_u.wav,"There they go, fighting again. You'd never hear her talk that way to Sauvignon Blanc.",1.0
1_10797_u.wav,"I'm with him three years, nothing. She's with two minutes, and he's taking his pants off.",0.0
1_10810_u.wav,I'll give you a plan right now. Step one: open comic book store. Step two: start rumor this comic book store gives you genital warts.,0.0
1_10829_u.wav,"On the bright side, that Oxford study was right. One friend down. I wonder who you're going to lose next.",1.0
1_10849_u.wav,That's how much buying a comic book store means to me.,0.0
1_10853_u.wav,"Okay, sit down. Listen, Emily, what happened between me and Raj was a long time ago. It was,",0.0
1_10857_u.wav,It's true-- you're both gorgeous. Kind of says something about the man who could bed you both.,0.0
1_10859_u.wav,I don't need a reason-- it's my house.,0.0
1_10890_u.wav,"Boy, when you met Bernadette, the field of robotics really took a hit.",1.0
1_10977_u.wav,Let's not talk about this in front of our friends.,0.0
1_11006_u.wav,Maybe it's a good thing we came here. It's like a lesson in what not to do.,1.0
1_11021_u.wav,"Same as all of us, getting out of a car without underwear.",1.0
1_11042_u.wav,"Because no one wants to see Neil deGrasse Tyson in a wet T-shirt, bent over the hood of a Porsche.",0.0
1_11046_u.wav,"Wow, he really went where no man has gone before.",0.0
1_11051_u.wav,"Well, he said it was a tribble. It could be a toupee, but either way, it's pretty cool.",0.0
1_11055_u.wav,"Ah, that's a good question. Apparently someone was being awfully flirty while not wearing their engagement ring, causing another someone to show up here thinking the first someone might be available.",1.0
1_11098_u.wav,"Wow, you still have it? I just assumed it was balled up in the corner of a barn somewhere.",1.0
1_11120_u.wav,"Next time I might be in a rush, it's good to have a few in the bank.",0.0
1_11177_u.wav,I'm listening to you snore. I'm wondering how I'll ever sleep without it.,1.0
1_11201_u.wav,"He probably got a new one. Finish your breakfast. Look, there's an entire section of my dashboard that doesn't have any syrup on it.",0.0
1_11224_u.wav,And here I am in the trap. You just keep talking. I'm gonna chew my leg off.,1.0
1_11232_u.wav,"And I love that I work and do all the cleaning, and you're okay with that.",1.0
1_11236_u.wav,"Oh, you're hardly out of the woods, no. You still run the risk of infection, a blood clot, the possibility that an inattentive surgeon let a barn spider lay eggs in your nose.",0.0
1_11242_u.wav,"I love that you take pride in your looks, even when I have to pee in the morning, and you're in there spending an hour on your hair.",1.0
1_11243_u.wav,I love that you're too good to pee in the kitchen sink.,1.0
1_11253_u.wav,"So as they say, all good things must come to an end.",0.0
1_11257_u.wav,Doesn't Professor Abbott's family want any of this stuff?,0.0
1_11306_u.wav,"I guess the sad truth is, not everyone will accomplish something great. Some of us may just have to find meaning in the little moments that make up life.",0.0
1_11322_u.wav,"You know what? That was almost on topic. I'm gonna say, ""Good job, Sheldon.""",1.0
1_11378_u.wav,Are you sure a dummy like me can handle something as complicated as a blanket?,1.0
1_11439_u.wav,"No, you're right, we should do what you do. Have our mom send us pants from the Walmart in Houston.",1.0
1_1144_u.wav,"Notify the editors of the Oxford English Dictionary. The word ""plenty"" has been redefined to mean ""two.""",1.0
1_11485_u.wav,Is that why you had to take him to Office Depot last night?,0.0
1_11526_u.wav,"As you may know, I've been experimenting with elevated anxiety levels, and I thought, what better way to increase my discomfort than to subject myself to an evening of tasteless uncensored crotch talk?",0.0
1_11529_u.wav,"And how difficult it is to do when she's bloated, cranky and crampy?",0.0
1_11609_u.wav,"I've, uh, created some other user accounts so I can post positive comments about their paper.",0.0
1_11697_u.wav,The answer's in this puzzle box. Let's see if you can open it.,1.0
1_11699_u.wav,"No, Stuart picked out those throw pillows all on his own.",1.0
1_11723_u.wav,"Not much, but he seemed to be in a pretty good place.",0.0
1_11736_u.wav,"I don't know, perhaps somebody took it off the carousel by mistake?",0.0
1_11773_u.wav,This is why I've been saying we should keep champagne on ice.,1.0
1_1180_u.wav,"Oh, please. The only way she could make a contribution to science would be if they resumed sending chimps into space.",1.0
1_1185_u.wav,I think tonight was a very good start.,0.0
1_11885_u.wav,"Yeah, turns out half a dozen menorahs really sets a mood.",1.0
1_11889_u.wav,"Yeah, we just want to have the kind of dinner that we've all had here so many times before.",0.0
1_1189_u.wav,"I'm sorry, I am not going back to the Renaissance fair.",0.0
1_11901_u.wav,"Yeah, good for you, Leonard. That's a lovely little notion. Kind of like, I wish I could talk to my uncle in Chicago. Yeah, now stand back while I invent the telephone. Hello? Oh, hold on. Leonard, it's your uncle. He says you just got burned.",1.0
1_11913_u.wav,It's why my people wandered the desert for 40 years. Took that long to walk it off.,1.0
1_11924_u.wav,"All right, Amy's in charge of pricing and being 75.",1.0
1_11928_u.wav,"And if I had a friend, they might have told me that.",0.0
1_12002_u.wav,Then buckle up; you're in for a cranky night.,0.0
1_12083_u.wav,"Oh, just put it in your mouth and pop it like a zit.",0.0
1_12202_u.wav,"No need to. As soon as she flies into California airspace, I'll feel a disturbance in the Force.",1.0
1_12275_u.wav,"Uh, no. I overheard Bernadette tell Howard she was making him a meat loaf, and you don't have to not ask me twice.",0.0
1_12320_u.wav,"Oh, yes, we've got the moon and the trees and... Elizabeth McNulty, who apparently died when she was the same age I am.",0.0
1_12331_u.wav,"Wow, there's a Denny's in Vegas you can actually get married in.",0.0
1_1262_u.wav,You were very clear. As was everyone else at the table.,0.0
1_1296_u.wav,"They gave him an assistant? If I want a new pen, I have to go to the bank with wire cutters.",1.0
1_1466_u.wav,"Maybe when I publish it, I'll include an inhaler.",1.0
1_1470_u.wav,I don't know. It just died. I'm getting a bunch of static.,0.0
1_1478_u.wav,"Sadly, Mrs. Giselle Wolowitz is sensitive to chlorine. Lucky for her I like my fashion models pruny and bug-eyed.",1.0
1_1484_u.wav,The big deal is that nobody touches food on my plate.,0.0
1_1549_u.wav,On a dusty highway just outside Bakersfield. Where do you think? On Mars!,1.0
1_1560_u.wav,How nice. Maybe they can carpool when they visit you in federal prison.,1.0
1_162_u.wav,"Sheldon, if you were a robot, and I knew and you didn't...",0.0
1_1627_u.wav,"What do you think I did? I discreetly slipped off the other earring, put it in my pocket and then got the hell out of there!",0.0
1_1638_u.wav,The blunt instrument that will be the focus of my murder trial?,1.0
1_1666_u.wav,Would it work if I just punched you in the face?,0.0
1_1678_u.wav,Answering the question once and for all why Wolowitz bailed out of medical school.,0.0
1_1722_u.wav,My aunt Marion gave them to me for my 12th birthday.,0.0
1_1732_u.wav,You were right. Your larynx is terribly inflamed. I've never seen anything like it.,1.0
1_175_u.wav,"If you're compiling a mix CD for a double suicide. Oh, I hope that scratching post is for you.",1.0
1_1772_u.wav,"""Dave."" Sounds like Leonard's got a new BFF.",1.0
1_1798_u.wav,"If you don't like this stuff, let's go next door and build her a bear.",1.0
1_1803_u.wav,"- Maybe I heard you wrong. A lot of words sound like ""yoga.""",1.0
1_182_u.wav,No. The dark crescent-shaped patterns under your arms conceal it nicely.,1.0
1_1931_u.wav,Why don't you just lie down on the floor and swim there?,1.0
1_1973_u.wav,I hope I'm a waitress at the Cheesecake Factory for my whole life.,1.0
1_1987_u.wav,"When I didn't pay my bill, the Department of Water and Power thought I would enjoy the ambience.",1.0
1_2075_u.wav,There's no hurry. Tell them more about their secret love for each other.,0.0
1_2119_u.wav,"Kind of makes you feel more alive, doesn't it?",1.0
1_213_u.wav,"How's this? ""Pleased to meet you, Dr. Gablehauser. ""How fortunate for you that the university's ""chosen to hire you, despite the fact ""that you've done no original research in 25 years, ""and instead have written a series of popular books ""that reduce the great concepts of science ""to a series of anecdotes, ""each one dumbed down to accommodate the duration ""of an average bowel movement.",1.0
1_2198_u.wav,"Assuming I can keep up this pace, three hours, 11 minutes. Plus however long it takes to conclude this fairly pointless conversation.",1.0
1_2216_u.wav,"Excuse me, but what about me? Why don't I get a shot?",0.0
1_2354_u.wav,"So? Do cocaine smugglers write ""cocaine"" on the box?",1.0
1_2361_u.wav,Thank you so much for giving me the opportunity to help.,0.0
1_2420_u.wav,You know this can go on all night. Why don't you just come with us?,0.0
1_2423_u.wav,Provided he has already read and is familiar with the reestablishment of the DC multiverse.,0.0
1_2464_u.wav,"You think ""coffee,"" means coffee. That is so sweet.",1.0
1_2575_u.wav,"You don't really believe in that superstition, do you?",0.0
1_2580_u.wav,"Okay, here's an idea. What if I change my name and go live with my cousin and her husband, Avi, in Israel?",1.0
1_2614_u.wav,Hardly a day goes by when I don't think about it.,1.0
1_2616_u.wav,"Sure, maybe a tableau of me trying to pummel you to death.",1.0
1_2664_u.wav,"Terrific, it's just that... I don't think Penny wants me to go.",0.0
1_2669_u.wav,What did you mean when you said you were going to miss me?,0.0
1_276_u.wav,"Yeah, my parents felt that naming me Leonard and putting me in Advanced Placement classes wasn't getting me beaten up enough.",1.0
1_2778_u.wav,"Ooh, big talk from a man who was once treed by a chicken.",1.0
1_2792_u.wav,"No, I mean, we can always go back to being friends.",0.0
1_2797_u.wav,It's an iCal download. She can put it right in her phone.,1.0
1_2819_u.wav,"You know, I've always wanted to go to a Goth nightclub.",1.0
1_2830_u.wav,"No, I'm behind on my Wiki-reading. I'm kind of on a John Grisham kick right now.",0.0
1_2837_u.wav,"- Chocolate? - No, I don't want any chocolate!",0.0
1_2842_u.wav,"Oh, you know, Goth stuff. Goth magazines, Goth music.",0.0
1_2853_u.wav,"Obviously, waitressing at The Cheese Cake Factory is a complex socio-economic activity that requires a great deal of analysis and planning.",1.0
1_3064_u.wav,When I have enough to destroy all the human toast on the Battlestar known as Galactica.,1.0
1_3069_u.wav,Seems like an awful lot of trouble to go through for intercourse.,0.0
1_3125_u.wav,"But if she dumps you, she'll have a new boyfriend by tomorrow morning and you'll have a new girlfriend when you figure out how to build one.",1.0
1_3177_u.wav,"Not a great movie, but look at that beautiful desert.",0.0
1_3204_u.wav,Right. That was so good! Sweety and meaty at the same time.,0.0
1_3256_u.wav,"I'm sorry, fiddling with yourself in the bathtub is a real class act.",1.0
1_3259_u.wav,"No, I mean Princess Leia. Of course I mean Bernadette. She's a wonderful girl and she really likes you.",1.0
1_3287_u.wav,"Oh, sure. And while we're at it, why don't we put our hands behind our backs, have an old-fashioned eating contest?",1.0
1_3293_u.wav,Leonard's work is nearly as amazing as third graders growing lima beans in wet paper towels.,1.0
1_3333_u.wav,"Okay, I got a bone to pick with you.",0.0
1_3348_u.wav,"Raj, you should've seen Leonard's experiment. The interference pattern was so cool when the electron beam was on.",0.0
1_3371_u.wav,"I was going to ask Leonard to do it, but he seemed a bit emotionally unstable and you don't want someone like that operating heavy machinery.",0.0
1_340_u.wav,"Sure, cut the foreigner in half. There's a billion more where he came from.",1.0
1_3419_u.wav,"Oh, we don't need to talk about that anymore. Leonard covered it pretty well in the car.",1.0
1_3476_u.wav,Don't you think looking for a new city to live in is a bit of an overreaction?,0.0
1_3545_u.wav,"I understand your point, but given a choice, Jews always go with Chinese food.",1.0
1_3573_u.wav,"Well, I always figured it was to study us, discover our weaknesses, and report back to your alien overlords.",1.0
1_3599_u.wav,Why don't you keep that stuff in the bathroom?,0.0
1_3649_u.wav,"Oh, no, no, I said I'm inviting you to come with me to Stan Lee's house.",0.0
1_3660_u.wav,There a new girlfriend in there? 'Cause you might need one.,1.0
1_3707_u.wav,"Oh, I'm so glad you asked it like that. You.",1.0
1_3766_u.wav,Can we please talk about something else? Maybe something vaguely related to life as we know it on this planet?,1.0
1_3837_u.wav,"Excuse me, I'm thirsty, so I'm going to go to the refrigerator and get myself a refreshing beverage.",0.0
1_3840_u.wav,"I read a study online that walking after a meal not only aids in digestion, but increases serotonin, and you know me, if there's one thing I like more than a refreshing beverage, it's serotonin. Bye-bye.",0.0
1_3842_u.wav,"So what, you're just gonna walk up and down the stairs?",0.0
1_3911_u.wav,"That's very thoughtful, but I think I'll finish my coffee first.",0.0
1_4031_u.wav,"In 1917, when Albert Einstein established the theoretic foundation for the laser in his paper <i>""Zur Quantentheorie der</i> <i>Strahlung,""</i> his fondest hope was that the resultant device be bitchin'.",1.0
1_410_u.wav,"Leonard, may I present, live from New Delhi, Dr. and Mrs. V. M. Koothrappali.",0.0
1_4145_u.wav,A lot of people are working on that research. So what is all this?,1.0
1_427_u.wav,"Well, I'm sorry, too, but there's just no room for you in my wallet.",1.0
1_4281_u.wav,It was the kind of thing that makes it kind of hard to face her now.,0.0
1_4286_u.wav,"All right, all right. He can buy his own desk.",0.0
1_4290_u.wav,I just have a question. Does Bernadette ever talk about me?,0.0
1_430_u.wav,"I've got some feelers out. In the meantime, listen to this.",0.0
1_4352_u.wav,He does it all the time. He's a cornucopia of social awkwardness.,0.0
1_4477_u.wav,I just want to ask you a few questions about Howard Wolowitz.,0.0
1_4544_u.wav,"Yes. In fact, our menses are synchronized. Penny. Bernadette tells me you're planning a girls' night.",0.0
1_4552_u.wav,"...so anyway, to make a long story short, turns out I have an unusually firm cervix.",0.0
1_4576_u.wav,"Bernadette dared me to tell a dirty story. ""The Miller's Tale"" by Chaucer is the dirtiest story I know. It would have been hidden in sock drawers if people in the 14th century had worn socks.",0.0
1_4603_u.wav,Is it possible that she was going for your cheek and you moved and she accidentally got lip? That happens with me and my mom all the time.,0.0
1_4639_u.wav,"Well, I'm just glad you finally found yourself a keeper.",0.0
1_467_u.wav,That woman looks exactly like the pictures of Princess Panchali in the book. How often does one see a beloved fictional character come to life?,0.0
1_4743_u.wav,"Oh, and the science dudes want to talk science with you. What do you want to talk about-- rocks, dinosaurs, our friend the beaver?",1.0
1_4760_u.wav,"In the bedrooms of ten-year- old girls, where they belong.",1.0
1_4789_u.wav,"I don't know. Somebody bigger and... Yeah, sure. Why not you?",1.0
1_4792_u.wav,"Obviously, we're no longer a Justice League. We have no choice but to switch to our Muppet Baby costumes.",0.0
1_4850_u.wav,I understand. Your loyalty is admirable. But what if I were to up the ante?,0.0
1_4949_u.wav,"Certainly. I'd like to raise two points. Number one, I think they <i>are</i> talking about penises. And number two, these mimosas are kicking my little brown ass.",0.0
1_4967_u.wav,We might be starting to zero in on your problem.,1.0
1_4995_u.wav,"Hey, you taught me something. Who would have thought it?",1.0
1_5058_u.wav,"An entire dinner to talk about your research? Where you going, the drive-thru at Jack in the Box?",1.0
1_506_u.wav,Not to mention you'd have to power down on saturdays.,0.0
1_507_u.wav,"Well, there's always the possibility that a trash can spontaneously formed around the letter but Occam's rasor would suggest that someone threw it out.",1.0
1_5109_u.wav,"Yeah, but you were just sleeping, because I forboded you to have sex.",0.0
1_5134_u.wav,"Oh, yeah, yeah. It's real great. Today I drove to Van Nuys for an audition I thought was going to be for a cat food commercial. Turned out to be porn.",1.0
1_5156_u.wav,"That's got to be fun for you, huh? Watching Hofstadter suck the saliva out of your sister's mouth?",1.0
1_5166_u.wav,"Yeah, it's a great time to be alive, isn't it?",1.0
1_5169_u.wav,I'm not saying that you're not fun. You're the most fun person I know.,0.0
1_5211_u.wav,"Saying that while holding a snowflake is a bit heavy-handed, don't you think?",1.0
1_5212_u.wav,"I'm sorry, Sheldon bought a loom and learned how to weave?",0.0
1_533_u.wav,"Technically, yes. But, if you'll notice... It's reversible!",0.0
1_536_u.wav,Just the latest copy of Applied Particle Physics quarterly.,1.0
1_537_u.wav,"Oh, you know, that is so weird that yours came and mine didn't.",1.0
1_5496_u.wav,"Okay, Amy, you're being silly. I'm not concerned about who hangs out with who. And I certainly don't have a problem with Leonard's new girlfriend who wears way too much makeup. Ooh, these are cute. Of course if I buy them, I'll have to rent my womb out to a gay couple.",1.0
1_5571_u.wav,"Yes, I'd like a seven-day course of penicillin, some, uh, syrup of ipecac-- to induce vomiting-- and a mint.",1.0
1_5572_u.wav,"He drank from Leonard's glass. ""He drank from Leonard's glass""-- the words they'll be carving into my tombstone.",1.0
1_5580_u.wav,"Right, right, whereas Jewish mothers take a casual, la-di-da approach to their sons.",1.0
1_5581_u.wav,I gargled with tequila and may have swallowed a teeny bit.,0.0
1_5617_u.wav,Thanks for clearing that up,1.0
1_5627_u.wav,"Your girlfriend and your ex-girlfriend are hanging out together? Oh, yeah, that can only be good for you.",1.0
1_5679_u.wav,"I'd like to respond to that sarcastically: Yes, I relish the thought of a stranger covering my body with oil and rubbing it.",1.0
1_5699_u.wav,"Congratulations and welcome temporarily aboard. Here's your I.D. card, your key and your lapel pin. Which Leonard was too cool to wear.",1.0
1_5751_u.wav,Of course you do. You're a cutie pie! Any girl would be lucky to have you!,0.0
1_5758_u.wav,"Oh, I could so see you being the face of hemorrhoids.",1.0
1_5786_u.wav,"All right, so technically it's not a dinner date. I suppose you could call it a, uh, dinfast date. But if you did, you'd open yourself to peer-based mocking, such as, ""Hey, Leonard, how was your dinfast with Priya last night?""",0.0
1_5880_u.wav,"When you're done copping a feel, that goes on my wrist.",1.0
1_5919_u.wav,"Because you don't have a girlfriend? Well, good Lord, if that becomes a reason not to play Dungeons & Dragons, this game's in serious trouble.",0.0
1_5953_u.wav,Here's some other fun news on the Raj/Emily front. He gave her a pair of diamond earrings and leased her a car.,0.0
1_5964_u.wav,Smart. Whisper so the deaf chick can't hear you.,1.0
1_60_u.wav,It's just a privilege to watch your mind at work.,1.0
1_6020_u.wav,You just got off the list. Would you like back on it? This'll just take a moment. It's on a five and a quarter inch floppy.,1.0
1_6032_u.wav,"You see betrayal in others, but not yourself.",1.0
1_6039_u.wav,I don't know what I'm going to do. I don't want to break up over this.,0.0
1_6065_u.wav,"Frankly, Mom, I'm encouraged to see how advanced your group has become-- willing to sail out into the ocean without fear of falling off the edge.",1.0
1_6092_u.wav,"We don't say that, either. I'll make you a list. Oh, that would be mighty white of you.",0.0
1_6113_u.wav,"So, this spring, I get to go to the International Space Station. Oh, my word, a trip to the heavens.",0.0
1_6134_u.wav,"No, I'm just allergic to people who get Nobel Prizes for no good reason.",1.0
1_6165_u.wav,"Yes, there's nothing quite like the slightly widened eyes of mildly startled.",1.0
1_6183_u.wav,You have a thing of paper clips right there.,0.0
1_6188_u.wav,"Oh, my God, that's where I know you from.",1.0
1_6211_u.wav,"No. You mean this was all a ruse? Oh, how could I be so stu...",0.0
1_6221_u.wav,"Well, if you don't mind looking like an orange traffic cone, great.",1.0
1_6355_u.wav,"said horrible things about each other in public... all in all, a pretty magical night.",1.0
1_6370_u.wav,"Oh, of course he is. She's very interesting. Did you know, when she was 14, she severed the webbing between her own toes?",1.0
1_6426_u.wav,"You know, the holidays are just around the corner. Maybe he wants to see if he can lodge the other testicle up there.",1.0
1_6427_u.wav,Hmm. That's too bad. We could have spent New Year's Eve waiting for the ball to drop.,1.0
1_6428_u.wav,Sure. You want to see what all the scientists are wearing this year.,1.0
1_6472_u.wav,You'd think a winner could make a decent cup of cocoa.,1.0
1_6504_u.wav,"Oh, I see why you're confused. No, her news sounded important, but what you're forgetting is, it was an achievement in the field of biology. That's all about yucky, squishy things.",1.0
1_6534_u.wav,"No, but maybe she wants a man with a pocket watch.",0.0
1_6627_u.wav,"Well, yeah, sex with you is pretty great. Have you ever tried it?",0.0
1_6645_u.wav,"Well, that wady took high-wes pictures of my junk wast night for Cwaigswist.",0.0
1_6648_u.wav,You mean for a person whose neck massages feel like an eagle is trying to carry you to its nest?,1.0
1_6683_u.wav,"Yeah, terrific. The other astronauts would love to go hurtling through space with a guy named ""Crash.""",1.0
1_672_u.wav,Do you think Penny will come here and take care of us?,0.0
1_6766_u.wav,Maybe that's because I'm not being challenged. It's the same reason Einstein failed math.,0.0
1_6769_u.wav,"Hope your hands are steady. It's the width of a single hair. But this is just biology, so I'm sure it's no problem for a genius like you.",1.0
1_6835_u.wav,"Oh, screw her. She's just lucky we let her hang out with us.",0.0
1_6860_u.wav,"I'm sorry, it's the bad boy attitude that comes with this hair.",0.0
1_70_u.wav,I don't think I'll be able to stop thinking about it.,1.0
1_7047_u.wav,"Also instead of just living in your mother's house, you could actually live inside her body.",1.0
1_7082_u.wav,"...to all the good times we had, like, uh, when we went camping and spent that night telling each other all our secrets. I told him I'm addicted to pedicures and he told me he lost his virginity to his cousin.",0.0
1_7089_u.wav," Yeah, we, uh, made gift bags, had wine, and then went online and saw this.",1.0
1_7186_u.wav,"Not exactly. Listen, if you don't mind, I'm not really up for chatting. I'm just going to sit here quietly and let my life flash before my eyes.",0.0
1_7281_u.wav,"Darn. If you weren't busy, I'd ask you to join us.",1.0
1_7341_u.wav,I am talking to a man in space. If you don't have the (walkie-talkie static) then he might as well be at the Coffee Bean over on Lake Street.,0.0
1_7357_u.wav,I'm starting to get a sense of it.,1.0
1_7395_u.wav,"Well, if that's all it takes, it's a good thing you don't have a dog.",1.0
1_7400_u.wav,"Of course, it is... it's been in the news. And it's a very famous boson.",0.0
1_7402_u.wav,I didn't know they gave Nobel prizes for making boom-boom in the potty.,1.0
1_7442_u.wav,"The original title was ""A Rederivation of Maxwell's Equations Regarding Electromagnetism"""" I dumbed it down because some of the more religious people in town were starting to say I was a witch.",0.0
1_7443_u.wav,We've kind of been involved in a five-year experiment.,0.0
1_7445_u.wav,My limbic system wants to take your pants off.,0.0
1_7449_u.wav,"Okay, the NASA Web site says Howard's final descent has begun.",0.0
1_7487_u.wav,"Yeah, well, Bernadette's a little under the weather and my mom's kind of under my dentist.",0.0
1_7490_u.wav,"It's okay, you know, we space cowboys don't do what we do for glory and fame. We leave that to your rock stars and your athletes and your Howie Mandels.",0.0
1_7494_u.wav,that sounds a little funny to an American ear.,0.0
1_7504_u.wav,"""To Stuart, your comic book store is out of this world. Just like the guy in this picture was.""",0.0
1_7575_u.wav,"You're right, the party's fantastic. Please, tell me more. I haven't heard enough about it all week because hearing about that never gets old!",1.0
1_7593_u.wav,"Amy, I can't just ask Wil Wheaton to leave. He's a minor celebrity. Once you explain who he is, many people recognize him.",0.0
1_7641_u.wav,"She was just so sad all the time. Yeah, I was the only person who could cheer her up. Well, me and Ben and Jerry.",0.0
1_7661_u.wav,"Yeah, that was five weeks ago. How much longer is he gonna milk that cow?",0.0
1_7675_u.wav,"Anyway, to this day, I still can't see a box of crayons without crossing my legs.",0.0
1_7722_u.wav,Exactly what it was half an hour ago. It's like you're not even trying to get better.,1.0
1_7894_u.wav,I did. The guy at the liquor store said this stuff tastes great in coffee.,0.0
1_7938_u.wav,"Come on, let's just start walking. There's got to be a gas station or something nearby.",0.0
1_7953_u.wav,Why don't you ask Scotty to beam you up?,1.0
1_80_u.wav,"Since it's not bee season, you can have my epinephrine.",0.0
1_8042_u.wav,"No, just me, her and a couple of the big wigs. It's part of a bonus she got.",0.0
1_8045_u.wav,"Dumped her? What, did he use a forklift?",1.0
1_8052_u.wav,Like Burt and Ernie. You guys even teach me stuff about words and numbers.,1.0
1_8078_u.wav,"Trust me, you're not Jewish. That's how they get you.",0.0
1_8136_u.wav,"Yeah, I'm really looking forward to it. In fact, there's no place I would rather be than here.",1.0
1_8159_u.wav,And I'm cool with surprises. But nothing on a Jumbotron. I don't want to cry on a big screen like that.,0.0
1_8185_u.wav,We could go to Red Lobster and talk about it. We're all thinking it. I just had the decency to wait for him to leave.,0.0
1_8217_u.wav,"Go out with me on one date, and I promise you, you'll see.",0.0
1_8407_u.wav,"Oh, sure, what a wonderful idea. And after that, I'll make up my own rules of oral hygiene. You know, instead of flossing, I'll rub pudding on my gums. I'm going to get the number of the SyFy Channel and give them what for.",1.0
1_8417_u.wav,"Oh, I think we were looking at creepy in the rearview mirror when I put up that camera.",0.0
1_8452_u.wav,I think I'm gonna go. Thank you for the burrito and the pork rinds and the 20-minute lecture on why monster trucks are better than regular trucks.,1.0
1_8505_u.wav,"A lane frequented by liars. Like you, you big liar!",0.0
1_8717_u.wav,Because you're in the right lane behind a bus and you won't go around it? I'm sure she finds it charming.,1.0
1_8746_u.wav,"I enjoyed it. When you told me I was going to be ""losing my virginity,"" I didn't think you meant showing me "" Raiders of the Lost Ark "" for the first time.",1.0
1_8749_u.wav,It was very entertaining... despite the glaring story problem.,1.0
1_8827_u.wav,How do you not tear off his clothes and take him right here on this table?,1.0
1_8837_u.wav,"Not as relieved as I'm about to be. It's a brave new world, little lady.",0.0
1_90_u.wav,"Lois Lane is falling, accelerating at an initial rate of 32 feet per second per second. Superman swoops down to save her by reaching out two arms of steel. Miss Lane, who is now traveling at approximately 120 miles an hour, hits them and is immediately sliced into three equal pieces.",0.0
1_9003_u.wav,"I'm not going to bother him, I'm going to talk to him.",0.0
1_9009_u.wav,"- No, no, no. I'm really good at this. All right, give me a hint. Does it involve difficulty initiating a stream of anything?",0.0
1_9087_u.wav,"Why? Because I got an ugly, itchy sweater, and my brother got a car? No, I was her favorite.",1.0
1_9245_u.wav,Can we talk about something else? Do you know that I yodel?,0.0
1_9594_u.wav,I can't believe we wasted all that time on our Hulk costumes.,0.0
1_9668_u.wav,"People usually start a meeting with a joke, but you go ahead-- end with one.",0.0
1_971_u.wav,"- Now?! - No, after my tongue has swollen to the size of a brisket!",1.0
1_9963_u.wav,What do you think I was gonna do at home?,0.0
1_9971_u.wav,I was gonna say we pick up a cake or a pie. But an insult to her faith is always thoughtful.,1.0
1_9972_u.wav,"Ooh, I'm gonna check the fridge, and see if there are any clues inside a beer.",1.0
1_9993_u.wav,"Well, my beer isn't flat and my rack's not saggy. So far, the future's great.",1.0
1_S09E01_027_u.wav,Whatever. Put us on the Internet. I've always wanted a wedding with a comment section.,1.0
1_S09E01_368_u.wav,"Wow! Well, marriage must agree with you. Well, you are just glowing.",1.0
1_S09E01_379_u.wav,Oh. That's so sweet of you.,0.0
1_S09E01_403_u.wav,That's ridiculous.,0.0
1_S09E01_439_u.wav,I don't know. Sounds pretty bad. Penny's back in her apartment all by herself.,0.0
1_S09E02_002_u.wav,"How am I supposed to sleep? I've been married less than 24 hours, and my wife isn't speaking to me.",0.0
1_S09E02_064_u.wav,Because we're broken up.,0.0
1_S09E02_078_u.wav,"Well, if you want to see less of me, maybe we should go out again.",0.0
1_S09E02_178_u.wav,"Oh, of course. Wouldn't want to intrude.",0.0
1_S09E02_215_u.wav,"Yeah, well, maybe she has interest in you.",0.0
1_S09E02_271_u.wav,"Dude, just because we're best friends doesn't mean that I have to tell you everything that goes on.",0.0
1_S09E02_371_u.wav,"Okay, that is the lamest excuse you could've possibly come up with.",0.0
1_S09E02_386_u.wav,That sounds nice.,0.0
1_S09E02_392_u.wav,"Oh. Oh, my God, that is the most beautiful thing anyone's ever said to me. Yeah?",0.0
1_S09E02_424_u.wav,She watched it.,0.0
1_S09E03_056_u.wav,It runs on syphilis?,1.0
1_S09E03_072_u.wav,India.,1.0
1_S09E03_120_u.wav,We don't have any of those.,0.0
1_S09E03_125_u.wav,"If there was a hidden compartment, don't you think you'd be stuffed in it by now?",1.0
1_S09E03_135_u.wav,You guys still aren't living together?,0.0
1_S09E03_143_u.wav,"Fine, I guess. I've been focusing on me.",0.0
1_S09E03_170_u.wav,"I've done it, like, a dozen times.",0.0
1_S09E03_233_u.wav,How long do you think you can keep it from him?,0.0
1_S09E03_241_u.wav,Every self-respecting gentleman should know how in case he comes across a damsel in distress by the side of the road.,0.0
1_S09E03_359_u.wav,"I'll bet there's something around here that could be a ""lehver.""",0.0
1_S09E03_476_u.wav,We got a flat and couldn't get the tire off.,0.0
1_S09E04_015_u.wav,"now that Leonard and I are married, it kind of makes sense that we actually live together.",0.0
1_S09E04_053_u.wav,"Well, why don't you look at this as an opportunity? You had other roommates before Leonard. Maybe this is a chance to find someone new.",0.0
1_S09E04_074_u.wav,How could Archie defeat Predator?,0.0
1_S09E04_088_u.wav,"Well, it could be fun to try a little acoustic thing.",0.0
1_S09E04_106_u.wav,Footprints on the Moon.,0.0
1_S09E04_207_u.wav,"But I met with 11 people, and they all walked out.",0.0
1_S09E04_230_u.wav,"Well, it's Thai food night.",0.0
1_S09E04_267_u.wav,"No, of course not. I-I just feel bad. Well, so do I,",0.0
1_S09E04_288_u.wav,You really should've gone on the Internet and checked how long that kind of thing lives,1.0
1_S09E04_342_u.wav,Who cares? I thought the whole point of Footprints on the Moon was to write songs that make people think.,0.0
1_S09E04_351_u.wav,I still love it. I just think there's room for improvement.,0.0
1_S09E04_382_u.wav,"How can you say that? Amy's gone, and you two are married now, so it's only a matter of time before you're gone, too.",0.0
1_S09E05_022_u.wav,What are you saying? We're not coordinated enough to play sports?,0.0
1_S09E05_213_u.wav,"Why? You never thought you'd end up in a relationship, and then you met Amy. Maybe there's someone else out there for you.",0.0
1_S09E05_222_u.wav,Whoa! Walking up to a strange woman in a bar usually doesn't work.,0.0
1_S09E05_258_u.wav,What can it hurt?,0.0
1_S09E05_278_u.wav,I'm doing all right. I tried fencing today.,0.0
1_S09E05_284_u.wav,"Actually, he already did.",0.0
1_S09E05_291_u.wav,I've been told it's a good way to move on.,0.0
1_S09E06_055_u.wav,Sounds like you on Cinco de Mayo.,1.0
1_S09E06_168_u.wav,"Uh, he's Indian. We've already got one of those.",1.0
1_S09E07_054_u.wav,And I'm laughing like I did the first time I heard it.,1.0
1_S09E07_135_u.wav,When is your visa up?,1.0
1_S09E07_285_u.wav,"Fine, I'll leave. But it sounds like somebody needs a fresh diaper.",1.0
1_S09E08_255_u.wav,"No, pinch me!",1.0
1_S09E10_065_u.wav,"I told you if we were patient, he'd figure it out for himself.",1.0
1_S09E10_208_u.wav,Nobody knows. That's why he's number one.,1.0
1_S09E11_045_u.wav,"Oh, that's nice. Put that on her cake.",1.0
1_S09E12_184_u.wav,(CHUCKLES) Yeah. A grown man moving into his own apartment. It's crazy times. See ya!,1.0
1_S09E12_369_u.wav,"Yeah, he's as real as the fine I get when I use too much toilet paper.",1.0
1_S09E13_024_u.wav,Glad to hear it.,1.0
1_S09E14_045_u.wav,Really? The old Asian man is not your Meemaw?,1.0
1_S09E14_455_u.wav,"He never disappoints, does he?",1.0
1_S09E16_101_u.wav,"Relax, there's room for two babies in this group.",1.0
1_S09E16_189_u.wav,Maybe you should get a new doctor.,1.0
1_S09E18_033_u.wav,Oh. Is the impression that your first name is Pee-Wee?,1.0
1_S09E18_147_u.wav,"Great, so they own my idea for a T-shirt that says ""Dumb as a Bag of Geologists.""",1.0
1_S09E18_357_u.wav,Is there a switch on the back of his neck we don't know about?,1.0
1_S09E19_044_u.wav,so we brought you some lunch and we are gonna go look for 'em.,1.0
1_S09E20_029_u.wav,You may need this more than I do.,1.0
1_S09E20_127_u.wav,I'm surprised he let us conceive without him.,1.0
1_S09E20_156_u.wav,Astronauts saw him carrying that.,1.0
1_S09E20_179_u.wav,No. You'll wish it would kill you.,1.0
1_S09E20_237_u.wav,She's trying to think of something She's never done before. This could take a while.,1.0
1_S09E20_354_u.wav,"No, I do, and that's why I hid it.",1.0
1_S09E21_024_u.wav,You mean like through their window from behind a bush?,1.0
1_S09E21_255_u.wav,Interesting. Maybe my male cycle synced up with raj's actual period.,1.0
1_S09E21_401_u.wav,Better than watching a guy in a fur cloak Ride a girl's bike? Nope.,1.0
1_S09E22_015_u.wav,I'm sure that would pair nicely with your fried nuggets of chicken.,1.0
1_S09E22_075_u.wav,Funny how that worked out.,1.0
1_S09E23_017_u.wav,"I thought to myself, ""Venn is he gonna stop talking about this diagram?""",1.0
1_S09E23_102_u.wav,Wow. (clears throat) Didn't even make it out of the parking lot.,1.0
1_S09E23_270_u.wav,"So, when the aliens brought you back, they just left the probe in?",1.0
1_S09E23_420_u.wav,Thank you.,1.0
1_S09E24_014_u.wav,Did she think you were choking or...,1.0
1_S09E24_152_u.wav,Sure you do.,1.0
1_S10E01_075_u.wav,It was nice of her to show us playing dumb with an example.,1.0
1_S10E01_197_u.wav,"Yeah, special, like that.",1.0
1_S10E01_225_u.wav,"Well, he probably buys his illegal drugs from a local vendor.",1.0
1_S10E01_381_u.wav,They're practicing for what's coming later.,1.0
1_S10E01_474_u.wav,Is he? I never noticed.,1.0
1_S10E02_101_u.wav,"Why? Because I'm Jewish? That's like me saying, ""Hey, you're Indian. Doesn't your cousin work in a call center?""",1.0
1_S10E02_123_u.wav,"Oh, my God, it was me, it was me! I'm the one who blabbed she was pregnant!",0.0
1_S10E02_327_u.wav,"But I'm mad at him, too, so lemon bars it is.",0.0
1_S10E02_372_u.wav,Would you stop? We're just gonna be on the other side of campus.,0.0
1_S10E03_144_u.wav,"Oh, I was gonna start at the end. Thank God you're here.",1.0
1_S10E03_154_u.wav,"This was the husband and this was the wife. They'd go out on adventures together. Cruises, skiing, horseback riding. That was really me just duct taping them to our dog.",0.0
1_S10E03_177_u.wav,"Gentlemen, I am ready to work. To quote The Martian, ""Let's science the feces out of this!"" That's The Martian the book and The Martian the movie, not Marvin the Martian.",0.0
1_S10E03_224_u.wav,My head hurts and I'm more tired than ever.,0.0
1_S10E03_260_u.wav,"I think you were mean before you were pregnant, but it's fine.",0.0
1_S10E03_282_u.wav,Sorry! Sorry!,0.0
1_S10E03_311_u.wav,"But let's say you do. And don't say you do, because you don't! Now, wouldn't you think that throwing yourself into your work would be the best way to deal with it?",0.0
1_S10E04_007_u.wav,"Oh, so nothing. Great.",1.0
1_S10E04_021_u.wav,"And we live with Sheldon, so the word ""inconvenience"" has really lost all meaning.",0.0
1_S10E04_043_u.wav,I don't know. What if living together kills the romance?,0.0
1_S10E04_057_u.wav,Don't try luring me in with sexy talk.,0.0
1_S10E04_082_u.wav,That's a good question. Maybe just don't come over.,0.0
1_S10E04_105_u.wav,I'm the son of a gynecologist. I could be helpful.,0.0
1_S10E04_158_u.wav,I'm trying to think of an answer,0.0
1_S10E04_177_u.wav,"Oh, excited, concerned, a little scared. All the same emotions",0.0
1_S10E04_194_u.wav,"I've never lived with someone, either. This is a lot for me, too.",0.0
1_S10E04_238_u.wav,"Well, Sheldon, I really appreciate that, but these things mean more to you than they do to me, so whatever you want.",0.0
1_S10E04_262_u.wav,What if we do this?,0.0
1_S10E04_277_u.wav,I was disappointed to see the man I was engaged to pulling rainbow scarves out of his fly.,0.0
1_S10E04_307_u.wav,"Okay, well, I am sorry. I'm just worried that my sensitivity to temperature could make this a rough night.",0.0
1_S10E04_343_u.wav,"Well, now I don't know if I want to know!",0.0
1_S10E04_361_u.wav,Wait. Wrong number.,0.0
1_S10E04_398_u.wav,"Well, I didn't, and it's your fault.",0.0
1_S10E04_403_u.wav,The kind who almost put a pillow over your face last night.,0.0
1_S10E05_079_u.wav,"Okay. Well, for starters, there's nothing wrong with keeping our toothbrushes in the same holder.",0.0
1_S10E05_110_u.wav,The only thing I hate more than you right now is that book!,0.0
1_S10E05_120_u.wav,How 'bout we stay here? We don't even have to tell anyone. It'll be like a secret vacation at home.,0.0
1_S10E05_288_u.wav,"I'm in a hot tub with you, so pretty bad.",1.0
1_S10E05_319_u.wav,"No. No, if we both like it, I'll spend the rest of my life opening the freezer and going, ""Aw, no strawberry.""",0.0
1_S10E06_003_u.wav,I got asked to sign autographs there.,0.0
1_S10E06_062_u.wav,I felt a kick. There's a baby in there.,0.0
1_S10E06_091_u.wav,Are you kidding? I once paid $20 for Theo Sassler's signature.,0.0
1_S10E06_166_u.wav,I feel like I'm selling candy so our team can get new uniforms.,0.0
1_S10E06_255_u.wav,"Imagine this: you've got the baby in one hand, groceries in the other, and you're thinking, ""How am I gonna open this trunk?""",0.0
1_S10E07_069_u.wav,"(chuckling): Aw, you think you have an audience, that's funny.",1.0
1_S10E07_110_u.wav,"Oh. Well, j-just out of curiosity, what registers as odd to you",1.0
1_S10E07_140_u.wav,"Oh my God, that's who you look like.",1.0
1_S10E07_163_u.wav,"I'll take that as a ""Yes."" She's secretly been moving your collectibles into storage a little at a time and you haven't noticed.",0.0
1_S10E07_187_u.wav,So why don't they just get more drywall?,0.0
1_S10E07_198_u.wav,"Oh, don't worry, I won't.",0.0
1_S10E07_247_u.wav,"Uh, she's enjoyed living with you. It's called being in love.",0.0
1_S10E07_267_u.wav,I told you Penny was hiding his things?! It just came up because we-we were talking about secrets and...,0.0
1_S10E08_063_u.wav,You think it would be more difficult than that?,1.0
1_S10E08_131_u.wav,The last green thing I saw you eat was a Skittle.,1.0
1_S10E08_140_u.wav,"No, she's right. As long as I've known you, you've always been self-conscious",0.0
1_S10E09_021_u.wav,"Oh, good, maybe he can build a nicer bridge to live under.",1.0
1_S10E09_066_u.wav,"You know what, I've met Bert. Isn't he an indicator of life on other planets?",1.0
1_S10E09_081_u.wav,Say hello to everybody's little friend-- remote control Stephen Hawking!,0.0
1_S10E09_100_u.wav,It's like scrolling through the emojis on my phone.,0.0
1_S10E09_169_u.wav,"I wet the bed until college, but I don't think",0.0
1_S10E09_186_u.wav,Let it fly.,0.0
1_S10E09_194_u.wav,with his other foot. Wha--?,0.0
1_S10E09_258_u.wav,What is going on? Did you upgrade his software last night?,1.0
1_S10E09_324_u.wav,I think I hate all of you nerds.,0.0
1_S10E10_009_u.wav,"You know, I have always thought that this couch would look fantastic on the curb in front of the building.",1.0
1_S10E10_090_u.wav,"Hang on, maybe it's not the worst idea. I mean, he did do a good job taking care of my mother.",0.0
1_S10E10_158_u.wav,I would like to keep... the official flag of our apartment.,0.0
1_S10E10_269_u.wav,"Oh, yeah, I read about that on WhoGivesACrap.com",1.0
1_S10E10_376_u.wav,"Well, for me, too. It's not the same with you gone.",0.0
1_S10E11_321_u.wav,How many times do I have to say I'm sorry?,1.0
1_S10E12_115_u.wav,Cause at the end I assumed there'd be nurses.,1.0
1_S10E13_095_u.wav,"I've been seeing him for years, I'm still not convinced he's real.",1.0
1_S10E13_135_u.wav,"Oh, no. Good game.",1.0
1_S10E14_032_u.wav,"So, normal. Yeah--",1.0
1_S10E14_056_u.wav,And you think we can get those guys to reprogram Sheldon? Cool.,1.0
1_S10E14_094_u.wav,"Well, when you get the machine, you can find out.",1.0
1_S10E14_476_u.wav,"Oh, so all we need to do is get Sheldon knocked up.",1.0
1_S10E16_009_u.wav,"Aw, look at you watching sports.",1.0
1_S10E17_032_u.wav,"Wait, wait, not shopping for clothes, right? Because look.",1.0
1_S10E17_096_u.wav,"No. Which will make me miserable, which is usually Sheldon's job.",1.0
1_S10E17_125_u.wav,You could charge people money to punch you.,1.0
1_S10E17_146_u.wav,"Oh, dear god, you're cheating on me with raj.",1.0
1_S10E17_287_u.wav,"Yeah, that's working out great for me.",1.0
1_S10E18_164_u.wav,Maybe we should take them both to the park and let them run around together.,1.0
1_S10E18_266_u.wav,Do you actually pay for that haircut?,1.0
1_S10E18_323_u.wav,(sighs) I'll say it again. India.,1.0
1_S10E18_391_u.wav,"Oh, great, it'll be easier for you to look up at the stars without a roof over your head.",1.0
1_S10E18_423_u.wav,More reasons for you to stay.,1.0
1_S10E19_015_u.wav,Sure. You're living here for free. I guess I owe you.,1.0
1_S10E19_252_u.wav,You sure you don't fit in? You sound like a catty bitch to me.,1.0
1_S10E21_151_u.wav,"Hey, I already set up Howard and Bernadette. It's your turn to ruin some poor girl's life.",1.0
1_S10E21_200_u.wav,"What'd you do, delete your photo?",1.0
1_S10E23_165_u.wav,"Oh, sweetie, you might not live that long.",1.0
1_S11E01_100_u.wav,"Okay, you can stop leading with that part of the story.",0.0
1_S11E01_222_u.wav,"Well, you came to the wrong place.",0.0
1_S11E01_337_u.wav,"I'm sorry, what?",0.0
1_S11E01_400_u.wav,"Well, Bernadette has to grow a baby inside of her, and Amy has to marry one. My life is great.",1.0
1_S11E01_446_u.wav,"H-Hey, her eyes are up there.",0.0
1_S11E02_008_u.wav,"Yeah, I'm still mad at you. (clears throat)",0.0
1_S11E02_030_u.wav,Really? You?,1.0
1_S11E02_049_u.wav,Thank you for having me. Whoa... (chuckles) Could never get used to hearing myself in headphones. Is that really how I sound?,0.0
1_S11E02_127_u.wav,Fingers crossed.,0.0
1_S11E02_205_u.wav,"Well, that's why I brought the bottle.",0.0
1_S11E02_299_u.wav,Tell me about it. Howie texts me every time his dog levels up in Warcraft.,0.0
1_S11E03_006_u.wav,I thought we agreed on June 15.,0.0
Disgust.wav,I'm not setting her up with Raj.,0.0
1_S11E03_169_u.wav,"Me, either. What a small world.",0.0
1_S11E03_220_u.wav,"Honey, that's you.",0.0
1_S11E03_250_u.wav,Why should I bow out?,0.0
1_S11E03_321_u.wav,What's to worry about?,0.0
1_S11E03_365_u.wav,"Oh, my God, what happened?!",0.0
1_S11E04_005_u.wav,"Oh, that's sweet, but today is all about you.",0.0
1_S11E04_016_u.wav,"Well, it's a boy.",0.0
1_S11E04_024_u.wav,I already have a little version of Howard.,1.0
1_S11E04_067_u.wav,"Nah, it's worth it.",0.0
1_S11E04_137_u.wav,"""Daddy's little girl""?",0.0
1_S11E04_162_u.wav,It's more of a tradition.,0.0
1_S11E04_273_u.wav,"Thanks for trying, but you're not gonna be able to cheer me up.",0.0
1_S11E04_298_u.wav,"No, I'm fine.",0.0
1_S11E04_315_u.wav,Okay... I'm pretty sure they're not best friends.,0.0
1_S11E04_347_u.wav,What about people distracted by irritating passengers?,1.0
1_S11E05_005_u.wav,"Yeah, which is why it's okay.",0.0
1_S11E05_060_u.wav,Wha... No!,0.0
1_S11E05_099_u.wav,"Based on that ring on your finger, I'd say you're pretty good at controlling robots.",1.0
1_S11E05_156_u.wav,My ride home with you was hellish.,1.0
1_S11E05_186_u.wav,What do we do when he turns six? Take him to the zoo and leave him there.,0.0
1_S11E05_193_u.wav,I thought his work wife was standing in my kitchen.,1.0
1_S11E05_253_u.wav,Maybe there's something in the book that will help.,0.0
1_S11E05_306_u.wav,"I used to make it appear in my pants, but HR said I had to stop doing that.",0.0
1_S11E05_343_u.wav,"At least he can still clean the oven, so that's something.",0.0
1_S11E05_370_u.wav,"Leonard, what are you doing?",0.0
1_S11E05_402_u.wav,"Oh, my God, you're still here?",0.0
1_S11E05_429_u.wav,"Yeah, Bernadette texted earlier. Raj is really getting on her nerves.",0.0
1_S11E05_448_u.wav,"In the book this is based on, that man's the killer.",0.0
1_S11E06_003_u.wav,"I'm not allowed to eat for 12 hours before my surgery, and I only got two more minutes.",0.0
1_S11E06_019_u.wav,"He was cremated, and his remains were put in a baking soda volcano.",1.0
1_S11E06_060_u.wav,Gift shop.,0.0
1_S11E06_102_u.wav,"No, he is saying how can these prices be so low?",1.0
1_S11E06_187_u.wav,"You want to lie down, watch a movie?",0.0
1_S11E06_249_u.wav,"Well, you're... I can get the baby.",0.0
1_S11E06_391_u.wav,How irresponsible do you all think I am?,0.0
1_S11E06_410_u.wav,"You were a terrible waitress, and we still asked you to get us a snack.",1.0
1_S11E06_448_u.wav,"Well, don't worry. He's now on my enemies list forever. He's totally cut off.",0.0
1_S11E07_026_u.wav,"It does, but it's still geology.",0.0
1_S11E07_112_u.wav,It doesn't even matter how many all-rounders you have.,0.0
1_S11E07_153_u.wav,"Just a minute, I want to make sure Leonard can't hear us.",0.0
1_S11E07_161_u.wav,I don't know. Poor Bert?,1.0
1_S11E07_220_u.wav,I should get a haircut; this thing's going south fast.,0.0
1_S11E07_265_u.wav,"Sheldon, that was pretty rude.",0.0
1_S11E07_271_u.wav,No! Get out of here!,0.0
1_S11E07_381_u.wav,Bert asked for my help.,0.0
1_S11E07_405_u.wav,And she still doesn't.,0.0
1_S11E07_415_u.wav,Give him a chance. He's gonna get this.,0.0
1_S11E08_005_u.wav,"Well, according to his text, he was on the second floor, then he stopped to tie his shoe.",0.0
1_S11E08_113_u.wav,"Yeah, just turn off your brain and let your uterus do its magic.",0.0
1_S11E08_137_u.wav,I don't know. Target practice?,1.0
1_S11E08_142_u.wav,Great. I want answers and he'd better give them to us.,0.0
1_S11E08_195_u.wav,I know. It was when I stubbed my toe.,0.0
1_S11E08_217_u.wav,"You know what, you like to think that you're just like Tesla, but the truth is you're exactly like Edison.",0.0
1_S11E08_283_u.wav,Get to the point! Oh.,0.0
1_S11E08_305_u.wav,Be even better if he swapped out the helium for xenon.,0.0
1_S11E08_351_u.wav,Yes. Why don't you run get me a can of Pringles.,0.0
1_S11E08_428_u.wav,"Well, that doesn't help at all.",0.0
1_S11E10_009_u.wav,"(knocking) Hey, you had unprotected sex with Howard. You deserve to be miserable.",0.0
1_S11E10_062_u.wav,Why not hexadecimal?,0.0
1_S11E10_143_u.wav,Stop apologizing!,0.0
1_S11E10_228_u.wav,"while we're apart, can I see other needy Indian men?",1.0
1_S11E10_240_u.wav,"I forget, which mental hospital are you guys registered at?",1.0
1_S11E10_249_u.wav,"(sighs) Well, what's it gonna take? You want half my sandwich?",0.0
1_S11E10_297_u.wav,"Oh, okay. Sorry. I wasn't ready for it. Try again.",0.0
1_S11E10_309_u.wav,Then you never saw any other people?,1.0
1_S11E10_337_u.wav,"Wow, this conversation got mean fast.",0.0
1_S11E10_432_u.wav,I'll catch up with you guys. Okay.,0.0
1_S11E10_461_u.wav,"Decaf, genius. (clears throat)",0.0
1_S11E11_024_u.wav,Why are you smoking meat?,0.0
1_S11E11_055_u.wav,"I have an extra ticket to the opening of The Last Jedi tonight. It was gonna be Howard's, but you can have it.",0.0
1_S11E11_077_u.wav,I don't know.,0.0
1_S11E11_098_u.wav,"Aw, the people's pajamas have little horses on them, and the horses' have little people.",0.0
1_S11E11_127_u.wav,Great. Can you bring a few things?,0.0
1_S11E11_182_u.wav,"Oh, fun. Can I help?",0.0
1_S11E11_217_u.wav,"Great, 'cause it's tomorrow, and I need you to plan it.",0.0
1_S11E11_301_u.wav,"No, the fern. The one in the bathroom.",0.0
1_S11E11_343_u.wav,"Oh, grow up.",0.0
1_S11E11_403_u.wav,"Ooh, I want to see the birthday girl.",0.0
1_S11E12_038_u.wav,That's funny. I always thought Howard was nature's way of saying  the Wolowitz line ends here,1.0
1_S11E12_237_u.wav,Why can't Amy drive you?,0.0
1_S11E12_279_u.wav,"Yeah, did Sheldon send it to you?",0.0
1_S11E12_290_u.wav,I don't think they're acting.,1.0
1_S11E13_001_u.wav,Newspapers? Did you find a portal back to the 1990s?,1.0
1_S11E13_211_u.wav,"Wow, I didn't think anything could top last night's spelling bee, but here comes math.",1.0
1_S11E13_362_u.wav,Did it work?,1.0
1_S11E16_170_u.wav,You're right. That's so much better.,1.0
1_S11E18_206_u.wav,I didn't know that came in a boys' medium.,1.0
1_S11E19_030_u.wav,"Except for you, Sheldon. You're eating crow.",1.0
1_S11E19_143_u.wav,The drone or your stupid robot show,1.0
1_S11E20_143_u.wav,"Oh, just about who you're marrying.",1.0
1_S11E20_332_u.wav,And alive?,1.0
1_S11E21_080_u.wav,Is it your teen years?,1.0
1_S11E21_201_u.wav,"I'll go to dinner, and you can stay home with the Internet and have romance.",1.0
1_S11E22_069_u.wav,"Mm. Well, I've got a push-up bra I can loan you that always gets me free drinks.",1.0
1_S11E22_149_u.wav,"If there's someone more relentless than you, I'd like to meet them.",1.0
1_S11E22_205_u.wav,No. I'm just sitting here at my desk typing on my computer for nothing.,1.0
1_S11E22_260_u.wav,Step one is flunk out of art school.,1.0
1_S11E23_048_u.wav,"Ooh, now it's starting to sound like a good wedding.",1.0
1_S11E24_338_u.wav,"Oh, science? Shocking!",1.0
1_S12E01_111_u.wav,This is the news. And that was a woman torn between two hunky vampires.,0.0
1_S12E01_139_u.wav,You happy? You smell like Amy's dad.,1.0
1_S12E01_150_u.wav,You want to say it? You can say it.,0.0
1_S12E01_248_u.wav,"You know, I cut you a lot of slack cause you come from another country, but you've been here a long time.",1.0
1_S12E01_268_u.wav,What are you gonna do? He's from another country.,1.0
1_S12E01_274_u.wav,Just let it go.,0.0
1_S12E01_297_u.wav,for a successful day of ballbusting.,1.0
1_S12E01_325_u.wav,You called him Mike Tyson's little sister.,0.0
1_S12E01_332_u.wav,"Oh, please, you're just the right amount of bearing.",1.0
1_S12E01_339_u.wav,"Me, too.",1.0
1_S12E02_006_u.wav,"I told you, I'm not okay with it.",0.0
1_S12E02_105_u.wav,Are you sure she wasn't trying to breathe life back into him?,1.0
1_S12E02_118_u.wav,Is she into you or does she just hate her parents?,1.0
1_S12E02_204_u.wav,Of course he knows what it is. He's the smartest man in the world.,1.0
1_S12E02_228_u.wav,"If you're asking if you and Amy should spend the next couple days running all over town searching for the next clue, I'm gonna have to say yes.",1.0
1_S12E02_262_u.wav,Riveting.,1.0
1_S12E02_274_u.wav,"Or you can ask me, the geologist who won the MacArthur Genius Grant.",1.0
1_S12E02_358_u.wav,Wow. Gentile moms are tough.,1.0
1_S12E02_385_u.wav," And if not, swing by the chocolate factory and see if they're hiring.",1.0
1_S12E02_433_u.wav,- We wrote you a special thank you note. - Oh.,0.0
1_S12E02_443_u.wav,I'm no longer happy.,0.0
1_S12E02_466_u.wav,Do your 63 other crayon friends know you're out?,1.0
1_S12E02_471_u.wav,"Yeah, I'm in the mood for orange chicken.",1.0
1_S12E03_061_u.wav,You're the one who said you wanted to read more.,0.0
1_S12E03_095_u.wav,He sent us that Indian marriage questionnaire.,0.0
1_S12E03_101_u.wav,"Great, so your church is Our Lady of the Stretchy Pants.",1.0
1_S12E03_118_u.wav,"Well, I did take care of Sheldon for 15 years, and he only bite me once",1.0
1_S12E03_174_u.wav,I get that.,0.0
1_S12E03_195_u.wav,"You're right, you've got Leonard. What more do you need?",1.0
1_S12E03_239_u.wav,"I told him it was dumb, and now he's mad at me.",0.0
1_S12E03_263_u.wav,"No. No. No, no. No, no, no, no, no, no, no, no.",0.0
1_S12E03_286_u.wav,"Grape Nuts for breakfast, quiet car ride, things are really breaking my way today.",1.0
1_S12E03_310_u.wav,Although that cinnamon roll does smell good if you're open to halfsies.,0.0
1_S12E03_337_u.wav,They will find other friends.,0.0
1_S12E03_338_u.wav,"Oh, sure, 'cause Sheldon's DNA plus my DNA equals a kid who knows how to make friends. Grow up!",1.0
1_S12E03_380_u.wav,Really? We're joking about this now?,0.0
1_S12E03_410_u.wav,Oh. We can't use that. That was the theme of my parents' divorce.,1.0
1_S12E03_449_u.wav,"Oh, my God. You bought me the Batmobile?!",0.0
1_S12E04_003_u.wav,"Wait, I'm still in them, right?",1.0
1_S12E04_027_u.wav,"I didn't just drink the crazy milk, I bought the crazy cow.",1.0
1_S12E04_040_u.wav,Tell us the truth. Did she get you pregnant?,1.0
1_S12E04_046_u.wav,"Well, it's hard to say, not knowing much about her. Does she have fingers?",1.0
1_S12E04_055_u.wav,"Yeah, so did the koala.",0.0
1_S12E04_070_u.wav,"Okay, listen, I'm really worried about this whole Raj thing.",0.0
1_S12E04_076_u.wav,"I looked online. She doesn't have an Instagram, which means she's either 80 or something's wrong with her.",1.0
1_S12E04_102_u.wav,this is a safe space-- it's okay to be vulnerable.,0.0
1_S12E04_195_u.wav,"She can get into any restaurant, but the best husband she can find is Raj?",1.0
1_S12E04_204_u.wav,"Oh, I've been trying to get in touch with him, but I never heard back. Is he okay?",0.0
1_S12E04_233_u.wav,How did I betray you?,0.0
1_S12E04_242_u.wav,Were there no other kids in Texas?,1.0
1_S12E04_249_u.wav,"You know, I was curious to find out what Tam had done wrong.",0.0
1_S12E04_276_u.wav,"So, what do you want to know?",0.0
1_S12E04_456_u.wav,All I see is a yellow smudge.,0.0
1_S12E05_030_u.wav,"Hmm, yeah, but somehow, you manage.",1.0
1_S12E05_054_u.wav,"Oh, the helmet will sense that and stop the experiment.",0.0
1_S12E05_083_u.wav,And it's gone.,0.0
1_S12E05_110_u.wav,Yeah. I already got a man for that.,1.0
1_S12E05_134_u.wav,"First of all, I've totally done karaoke with a rock star.",0.0
1_S12E06_010_u.wav,Did you know the Michael Myers mask from the film was actually a Captain Kirk mask turned inside out?,0.0
1_S12E06_016_u.wav,Says the man with a giant belt buckle and a dickey.,1.0
1_S12E06_027_u.wav,All the time? I only remember being invited to one.,0.0
1_S12E06_088_u.wav,Maybe he's cranky because he's off his bathroom schedule.,1.0
1_S12E06_111_u.wav,"You get that I'm wearing a corset because of you, not because I'm tired of breathing?",0.0
1_S12E06_171_u.wav,"Oh, come on. It was all in good fun.",0.0
1_S12E06_229_u.wav,Really? We're still doing this?,0.0
1_S12E06_248_u.wav,And I don't understand what's going on because I went to MIT.,1.0
1_S12E06_287_u.wav,It was. And I'm sorry about earlier.,0.0
1_S12E06_316_u.wav,"Hmm. Look at you, improving on perfection. How so?",1.0
1_S12E06_367_u.wav,"What do you want, Sheldon?",0.0
1_S12E06_412_u.wav,That's what you said about the butterfly pavilion at the zoo.,1.0
1_S12E07_005_u.wav,"I'm gonna hook up the garden hose, so it has running water.",0.0
1_S12E07_060_u.wav,You sound like my wife just before she asked me to go to Coachella.,1.0
1_S12E07_092_u.wav,a little swagger in your step?,0.0
1_S12E07_105_u.wav,"Should we form a line, or just do it like we're bobbing for apples?",1.0
1_S12E07_147_u.wav,"Hmm. But you're not, are you?",0.0
1_S12E07_169_u.wav,"You know, if it's that easy, then why does Leonard have to drive you to work every day?",0.0
1_S12E07_179_u.wav,"Yeah, sure. You slept with your husband.",0.0
1_S12E07_264_u.wav,(whining): It's just so hard!,0.0
1_S12E07_424_u.wav,What was the case?,0.0
1_S12E07_443_u.wav,I have no idea.,0.0
1_S12E08_006_u.wav,"Well, how would you guys feel about going to India for my wedding?",0.0
1_S12E08_023_u.wav,"Yeah. And my mom loves Penny, which is weird, because I never knew she could love.",1.0
1_S12E08_071_u.wav,It doesn't have to be tonight.,0.0
1_S12E08_098_u.wav,"Yeah, you're gonna need to show your work on that.",1.0
1_S12E08_103_u.wav,Which is perfect.,1.0
1_S12E08_135_u.wav,"He's our friend. What's up, pal?",0.0
1_S12E08_258_u.wav,You can do that but you still can't get my bra off.,1.0
1_S12E08_445_u.wav,(chuckles) Couldn't think of a single reason not to.,1.0
1_S12E09_005_u.wav,"How about that? There is an ""I"" in ""team.""",1.0
1_S12E09_081_u.wav,"Well, I am shocked, Sheldon, because I totally believed that the woman you reported for being stingy with the peas couldn't keep her hands off you.",1.0
1_S12E09_090_u.wav,You mean the last two minutes or the last 20 years?,1.0
1_S12E09_103_u.wav,It just got more fun.,1.0
1_S12E09_175_u.wav,"All right, great, can we go?",0.0
1_S12E09_207_u.wav,Okay.,0.0
1_S12E09_307_u.wav,"What, the alphabet?",1.0
1_S12E09_369_u.wav,"All right, well, they're already dead. There's nothing we can do.",1.0
1_S12E09_413_u.wav,Like I don't care at all.,0.0
1_S12E10_076_u.wav,You or the steak?,0.0
1_S12E10_195_u.wav,Why is it all in the living room?,0.0
1_S12E10_245_u.wav,"And when I was little and my dog died, my mom sat me down and very gently told me that she wished the truck had hit my dad instead.",1.0
1_S12E11_002_u.wav,- A waste of champagne?,1.0
1_S12E11_072_u.wav,"No offense, worker bees.",1.0
1_S12E11_190_u.wav,"Well, you really managed to capture my voice.",1.0
1_S12E11_199_u.wav,"""Pretty well""?",1.0
1_S12E11_216_u.wav,Maybe she doesn't have tip money?,1.0
1_S12E12_030_u.wav,"Yeah, so impressive how you manage to bounce back after having no babies.",1.0
1_S12E12_043_u.wav,"I open the door and say, ""Hey, Raj.""",1.0
1_S12E12_086_u.wav,Leonard was just saying how he was hoping to have dinner with one of your ex-boyfriends on his expensive boat.,1.0
1_S12E12_266_u.wav,You went to college.,1.0
1_S12E12_281_u.wav,but... thank you for saying it out loud.,1.0
1_S12E12_371_u.wav,They wanted you?,1.0
1_S12E13_088_u.wav,"Well, I know how to do the dishes. Just, sometimes I'm tired.",1.0
1_S12E13_224_u.wav," Yeah, who remembers the guy who was trying to find India and discovered America instead?",1.0
1_S12E14_125_u.wav,"including the rare ""DayQuilt"" misprint from 1996.",1.0
1_S12E14_152_u.wav,It's nice they found each other.,1.0
1_S12E15_013_u.wav,"Yeah, and we don't find it weird at all.",1.0
1_S12E15_064_u.wav,"Oh, yeah, I would have forgotten, except for those nonrefundable airline tickets to India I bought.",1.0
1_S12E15_154_u.wav,"Well, it is important for you two to keep the spark alive.",1.0
1_S12E15_273_u.wav,"I told you, if we left pizza on the counter,",1.0
1_S12E15_351_u.wav,"Well, I took a nap next to Hot Dog on a Stick. What do you think?",1.0
1_S12E15_420_u.wav,"Really? Well, I did not see that coming.",1.0
1_S12E16_140_u.wav,"Oh, no, this is the rest of our lives.",1.0
1_S12E17_085_u.wav,Was one of the options the option to never come back?,1.0
1_S12E17_124_u.wav,"What do you call that, Bishops Be Crazy?",1.0
1_S12E17_195_u.wav,Maybe she's basing that on your poor husbanding skills.,1.0
1_S12E17_336_u.wav,"No, by opening the door to a hangar and letting the airplane fly in.",1.0
1_S12E18_030_u.wav,"Yeah, you should've seen her take down John Krasinski last week. Got him to admit he loved his wife. It was brutal.",1.0
1_S12E18_159_u.wav,"Honey, remember, she's my child, too.",1.0
1_S12E18_198_u.wav,"And I'm supposed to be living on my own at this age, but here we are.",1.0
1_S12E18_225_u.wav,"No. ""Unfortunately, Sheldon..."" that's all you got to say.",1.0
1_S12E18_290_u.wav,But the time machine thing is probably more likely.,1.0
1_S12E18_303_u.wav,No. (chuckles) It's great. I just don't want anyone to ever see it or read it or know it exists.,1.0
1_S12E19_143_u.wav,Numb your brain with alcohol and watch a reality show where wealthy people pick fake arguments with each other?,1.0
1_S12E19_354_u.wav,"Well, I don't see what else you could've done.",1.0
1_S12E20_378_u.wav,I speak a little Russian. Will you take nyet for an answer?,1.0
1_S12E21_167_u.wav,"Yes, but it may just be the Indian accent.",1.0
1_S12E21_261_u.wav,Other than Bernadette? That does not sound right.,1.0
1_S12E21_285_u.wav,You sure you're not thinking about your husband?,1.0
1_S12E22_004_u.wav,Never? Isn't that usually when you go to the gym?,1.0
1_S12E22_066_u.wav,"Apparently, a guy who wants to have his feelings hurt.",1.0
1_S12E22_188_u.wav,"I can see why she would say that, but why do you?",1.0
1_S12E22_211_u.wav,"So, you're an Indian giver?",1.0
1_S12E23_209_u.wav,So not Mr. and Mrs. Wackadoodle?,1.0
1_S12E23_350_u.wav,maybe 300 tiny haircuts over a ten-year period.,1.0
1_S12E23_389_u.wav,"Heck, you've had sex almost as many times as I have fingers.",1.0
1_S12E23_470_u.wav,"This might be the glue talking, but that was a very pleasurable 139 and a half hours.",1.0
1_S12E23_488_u.wav,I stand by my statement.,1.0
1_S12E23_539_u.wav,"It was her, right?",1.0
1_S12E23_576_u.wav,Welcome to my life.,1.0
1_S12E23_600_u.wav,(quietly): I told you these tickets weren't free.,1.0
2_1_u.wav,"Yes you can. You're thinking about time, you can't go back in time.",0.0
2_102_u.wav,No Blanche she is upset because they keep changing the taste of coke.,1.0
2_103_u.wav,"No, this is just part of a daredevil game that I play called wait until last moment before I burst and die",1.0
2_104_u.wav,Was that place the sun?,1.0
2_105_u.wav,Why? You never look down in the shower?  Oh please I am allowed one joke in the monkey is penis genre.,1.0
2_107_u.wav,You'd better act surprised.,0.0
2_109_u.wav,"I thought if I littered, that crying Indian might come by and save us.",1.0
2_11_u.wav,His cappucino maker.,1.0
2_111_u.wav,What was that?!,0.0
2_112_u.wav,I think this is probably why Damone smokes in his cell alone.,1.0
2_113_u.wav,"No, no the actual cartoon character .. Of course the baloon.",1.0
2_114_u.wav,Spanish midgets wrestling Julie! Okay yes I see how they got there.,1.0
2_115_u.wav,"I am sorry, we dont have your sheep.",1.0
2_118_u.wav,"Seriously, it's moving!",0.0
2_119_u.wav,Yeah. What-what should I do?,0.0
2_12_u.wav,I studied for a year in Barcelona.,0.0
2_120_u.wav,"You know some might find it amusing, I myself find it regular.",1.0
2_121_u.wav,What was I doing? My ben gazara in person?,1.0
2_123_u.wav,Nooo!,1.0
2_124_u.wav,I am so confused as to what we have been doing so far.,1.0
2_125_u.wav,I mean if you hadn't initiated it I-I-I know I would've.,0.0
2_126_u.wav,No I am upset because Joe Piscapo didn't get the lead role in rain man.,1.0
2_127_u.wav,"When? Today? Some, not a lot.",0.0
2_128_u.wav,You building a post office?,1.0
2_129_u.wav,What are these? Claws?,1.0
2_13_u.wav,"All right, let's do it.",0.0
2_131_u.wav,I really don't wanna sit with Allen Iverson over there .,0.0
2_134_u.wav,Paper cut!,0.0
2_135_u.wav,"No, she I supset because Jimmy Swaager can't cover his motel bill",1.0
2_137_u.wav,"Okay, but If he asks, I am not going to lie.",0.0
2_140_u.wav,Sarcastic? Us? Nooo.,1.0
2_141_u.wav,We think it was trying to spell out monkey.,1.0
2_144_u.wav,Lords of Arabia,1.0
2_146_u.wav,"So Ross, how umm, how did it go with Bonnie?",0.0
2_147_u.wav,"Well, we're trying to find someone to perform our wedding and they're all either boring or annoying or y'know, can't stop staring at the ladies.",0.0
2_148_u.wav,"Hey, that's Joincidence with a C",1.0
2_149_u.wav,Thank you.,0.0
2_15_u.wav,I'm sorry man there is never a good time to have to .. Stop catching on fire.,1.0
2_150_u.wav,"Take your shirt off, and let's see what we're dealing with here.  What are you doing?",0.0
2_151_u.wav,"Yeah, I mean, it would be rude to them for us to leave now.",1.0
2_152_u.wav,Your makeup?,1.0
2_154_u.wav,"Okay, does this look like a garbage can to you?",0.0
2_155_u.wav,Great! Now we can do laundry all night. All night laundry!,1.0
2_158_u.wav,A bucket of chicked. I hope you like it extra flat and crispy,1.0
2_160_u.wav,"Because his penis was too big. I am sorry, thats the kind of thing I do.",0.0
2_161_u.wav,I can see it from right here. It'll cost you one husband.,1.0
2_162_u.wav,"Ow, ow, ow, ow, leg cramp, leg cramp, leg cramp.",0.0
2_163_u.wav,"Oh boy, I just can't watch. It's too scary!",1.0
2_166_u.wav,But I'm the host!,0.0
2_168_u.wav,Did I wake you?,1.0
2_169_u.wav,"Hes not right for the part, and if I suggest him my bosses are going to think I am an idiot. And thats something they should learn on their own.",1.0
2_170_u.wav,The British are coming?,1.0
2_171_u.wav,What is the matter with your face?!,0.0
2_172_u.wav,The whole thing! Can we go?,1.0
2_173_u.wav,We- we had our first fight this morning.,0.0
2_174_u.wav,Oh! Satan's minions at work again?,1.0
2_176_u.wav,I'm the ruptured spleen.,0.0
2_177_u.wav,I can show you an ID if you want?,1.0
2_178_u.wav,"This is so good, that I am gonna enjoy it in the balcony. I can enjoy my view, whilst I enjoy my desert.",1.0
2_180_u.wav,That oughta do it.,0.0
2_181_u.wav,Yeah! Look!,0.0
2_182_u.wav,The liberarche marquee at Caesar's palace,1.0
2_183_u.wav,"No, rabies.",1.0
2_186_u.wav,"Excellent hole, Joe.",1.0
2_187_u.wav,That's so funny because you look more like Joey Tribbiani man slash woman.,1.0
2_188_u.wav,You had no relationship!!,0.0
2_189_u.wav,"Yeah okay, I was just talking to the guys. Just look at them I mean, is it okay if they come visit?",1.0
2_190_u.wav,Well scott I am sure we are all really really looking forward to hear your story.,1.0
2_191_u.wav,"So, you're just Bing?",0.0
2_193_u.wav,"Yeah, a slice of cheesecake and-and a date if you're given'  'em out.",0.0
2_194_u.wav,"And it came out, ""Squatternut buash?""",0.0
2_196_u.wav,What?,0.0
2_197_u.wav,Ah your own brand of vigilante justice.,1.0
2_198_u.wav,"Yeah, she's fired.",0.0
2_2_u.wav,"Thats a good one too Pheebs, now all that I have to do is find a plane load of people whose resolution is to plummet to their deaths",1.0
2_20_u.wav,My duties?  All right.,0.0
2_202_u.wav,Yeah?,0.0
2_203_u.wav,It's not funny!,0.0
2_204_u.wav,"Oh Oh, I am convinced!",1.0
2_205_u.wav,"I did not mean to touch that,I mean",0.0
2_206_u.wav,A tshirt that says - I don't belong here.,1.0
2_208_u.wav,It's that whole sensitive thing.,0.0
2_209_u.wav,Really?,1.0
2_210_u.wav,When are you coming home?,0.0
2_213_u.wav,"Wait, wait, Chandler, this is what you're havin' for Thanksgiving dinner?",0.0
2_217_u.wav,Ohhh!!!!,0.0
2_218_u.wav,"Hey, does somebody wanna hand me one of those tiles.",0.0
2_221_u.wav,See Joe that's why your parents told you not to jump on your bed!,0.0
2_222_u.wav,"The little man who lives in there, who turns the light on and off will tell you.",1.0
2_223_u.wav,"I guess he wants to do a little dance, you know, make a little love. Well pretty much get down to that.",1.0
2_225_u.wav,"I don't know, something girlie.",0.0
2_226_u.wav,"These people find out that a spelling game is going over there, there will be nobody left at our party.",1.0
2_227_u.wav,You sure he is going to be able to crack that code?,1.0
2_228_u.wav,Then we went to this bar and he hooked us up with all these women!,0.0
2_230_u.wav,"Okay, Janice. Janice. You gotta give me Janice. That wasn't about being picky.",0.0
2_231_u.wav,"No, no, no, it's flattery.",0.0
2_232_u.wav,"Well, umm, my Mom's friend, Phoebe, is actually my birth Mom.",0.0
2_234_u.wav,"See, there you go, the cleansing works!",0.0
2_235_u.wav,You can't make this stuff up!,0.0
2_236_u.wav,"Gee, if only she were one and had no idea what a birthday was.",1.0
2_24_u.wav,"Uh, okay. The fifth dentist caved and now they're all recommending Trident?",1.0
2_240_u.wav,No!,0.0
2_241_u.wav,"Oh I do. Oh no, wait a minute, I took it out of my shirt when I put it on this morning.",1.0
2_242_u.wav,Are you still enjoying your nap?,1.0
2_243_u.wav,"Look I never should have kissed your girlfriend, but I'm",0.0
2_245_u.wav,"Well ah, I've been doing a lot of thinking, and I look at my life",0.0
2_246_u.wav,"Well, it will probably slow me down at first. But once I am used to the extra weight, I ll get back on track.",1.0
2_247_u.wav,Uh yes! Thank you.,1.0
2_248_u.wav,"I mean, you and I we're just, y'know, we're nothing, we're goofin' around.",1.0
2_250_u.wav,"Oh, you say someone's name enough, they turn around.",1.0
2_251_u.wav,No!! You have been screwing us all day!,0.0
2_253_u.wav,Yeah!,0.0
2_254_u.wav,"Yeah. Yeah, that's what you need a good .. pill.",1.0
2_255_u.wav,It's a musical Rose,1.0
2_257_u.wav,"Oh, hey, look, I found coffee! Okay, let's skedaddle.",0.0
2_258_u.wav,"I am telling you, when she leaned back, I could see her brain",1.0
2_259_u.wav,"I wasn't by myself. I had a doctor, a nurse, and a helper guy. So, did you see who won the game?",0.0
2_260_u.wav,"Okay, are you aware unagi  is an eel?",1.0
2_261_u.wav,"Oh, no, no. I just meant hypothetically.",0.0
2_263_u.wav,Wow! Imagine what our kids would look like!,0.0
2_264_u.wav,Okay?,0.0
2_267_u.wav,Really!?,0.0
2_268_u.wav,"A lonely grey couch. "" O look "" cried Ned. And then the kingdom was his. The End.",0.0
2_27_u.wav,"No no, you don't have to fly back, really.",0.0
2_270_u.wav,Hey.,0.0
2_271_u.wav,Sarcasm? Noo.,1.0
2_272_u.wav,Were not peeking?,0.0
2_278_u.wav,: Yeah.,0.0
2_279_u.wav,Sounds like she has got the whole package!,1.0
2_28_u.wav,"Carol called me to thank me for the lasagna, I asked, she told me.",0.0
2_280_u.wav,"Joey ate my last stick of gum, so I killed him. Do you think that was wrong?",1.0
2_281_u.wav,"Ofcourse no Ma, I am referring to Carrey Grant, he is living in the broom closet.",1.0
2_282_u.wav,What-wh-what so we'll just stay married forever?,1.0
2_283_u.wav,Dee. The sarcastic sister from What's Happening.,1.0
2_284_u.wav,What?  Why?,0.0
2_286_u.wav,"And sometimes I would want you to steal third, and I'll go like this.",1.0
2_287_u.wav,"Oh I am sorry, do you need a break?",1.0
2_288_u.wav,Maybe he was nervous.,1.0
2_289_u.wav,"Nooo! No, that's not true. No, best time ever! Yeah, you rocked my world!",1.0
2_29_u.wav,It was like months ago.,0.0
2_291_u.wav,"Umm, would you please excuse me for a moment?",0.0
2_292_u.wav,"No, she is going to sit here where its a 112 degrees and eat enchiladas.",1.0
2_293_u.wav,No,0.0
2_294_u.wav,"Oh, um, I don't care!",1.0
2_295_u.wav,Nobody sees the king!,0.0
2_297_u.wav,"I am sorry, it was a one time thing. I was very drunk and it was someone else's subconscious",1.0
2_299_u.wav,What would you give to a kid if he wanted a ticket to play with?,0.0
2_3_u.wav,And I think my testicles may be in here too,1.0
2_30_u.wav,So how'd it go?,0.0
2_300_u.wav,I don't think you could ever do that.,0.0
2_301_u.wav,"Hey, do you know a six-letter word for red?",0.0
2_302_u.wav,I know but it's so hard! Nothing rhymes with your stupid name!,0.0
2_303_u.wav,No thanks Josephine!,1.0
2_305_u.wav,Take a couple deep breaths.,0.0
2_306_u.wav,"No, no no, I just mediate the gorup. I just give up every Tuesday of my life to help these screwups for the good of my health",1.0
2_31_u.wav,"Even if people are on it!""",1.0
2_310_u.wav,Well thank God your livelihood doesn't depend on it.,1.0
2_312_u.wav,Sarcasm? At a sarcasmoholics meeting?,1.0
2_313_u.wav,"Oh sure, go with the sissy.",1.0
2_314_u.wav,Am I out of control?,0.0
2_315_u.wav,"I guess you'd know that, being one of the two of us, though, right?",1.0
2_316_u.wav,"Yeah, I'm fine.",0.0
2_317_u.wav,"Ah, oh, hang on a second. Come in, come in. All right, so think about it, and call me back.",0.0
2_318_u.wav,Was it not pain-free?,1.0
2_319_u.wav,No.,0.0
2_322_u.wav,"Hey, my father's house does that.",0.0
2_323_u.wav,That monkey has got a Ross on its ass!,1.0
2_326_u.wav,Stick to the list.,0.0
2_33_u.wav,"This-this, no, oh no, no-no-no, this is not,that's-that's not what it is.",0.0
2_334_u.wav,"When they're hungry enough, they'll come in.",0.0
2_337_u.wav,"Uh, listen, I need that broiling pan that Joey borrowed the other day.",0.0
2_338_u.wav,And I am sure every person here really really wants you to join our group.,1.0
2_339_u.wav,Thank you.,0.0
2_34_u.wav,Is it me or the greetings gone downhill around here?,1.0
2_340_u.wav,Oh! Oop!,0.0
2_341_u.wav,"Well, I'd gotten Judy pregnant. I still don't know how that happened.",1.0
2_342_u.wav,"In what Blanche, dog years?",1.0
2_343_u.wav,"So to sum up, I'm Professor Geller.",0.0
2_344_u.wav,A hand puppet Rose.,1.0
2_345_u.wav,Oh I left them in my bulldozer .. I don't have tools!,1.0
2_347_u.wav,Well what are you gonna do when he finds out he wasn't even asked?!,0.0
2_35_u.wav,Oh no dont go. I have scared you. I have said too much. I am hopeless and awkward and desperate for love.,0.0
2_350_u.wav,"No Rose, I am nervous because Sonny Bono gets elected mayor of Palm Springs, he is gonna make all the postmens wear leather bell bottoms and a fur vest.",1.0
2_351_u.wav,"No Rose, she is depressed because Marvel had manners on only once a week",1.0
2_352_u.wav,"No Rose, it stands alone.",1.0
2_353_u.wav,"Nothing. It's just old and dingy, that's all.",0.0
2_356_u.wav,Yeah.,0.0
2_357_u.wav,"Stating the obvious, but thank you. And it's not weird is it.",1.0
2_358_u.wav,"I do not always have to be,okay, okay.",0.0
2_359_u.wav,"You know once you are inside, you don't have to knock anymore.",1.0
2_36_u.wav,"The big deal is I don't want naked, greasy strangers in my apartment when I want to kick back with a puzzle,beer! Cold beer.",0.0
2_361_u.wav,Nooo,1.0
2_365_u.wav,"Nope. Op, wait! There he goes.",0.0
2_367_u.wav,"Well, don't  'cha wanna?",0.0
2_369_u.wav,"I just have to do one thing, really quickly, its not a big thing  ...  GET UP||",1.0
2_370_u.wav,You have to stop the Q-Tip when there is resistance,1.0
2_371_u.wav,I-I'm really sorry. It's just that I,0.0
2_372_u.wav,Actually I yesterday I was smoking again. Today I am smoking still.,1.0
2_373_u.wav,I was making a coconut phone with a professor.,1.0
2_374_u.wav,Janice? Janice?,1.0
2_375_u.wav,I was thkinking about maybe going into the Robot.,0.0
2_376_u.wav,Me? I am gonna die alone!,1.0
2_377_u.wav,Yeah either that or gloria estefan was right eventually the rhythm is going to get you,1.0
2_378_u.wav,"No Blanche, with a venus fly trap",1.0
2_38_u.wav,It's not a real game! I made it up!,0.0
2_380_u.wav,Oh just like give a minute to wake up for this  ...  Ha ha! You lost the ring. You are the worst best man ever!,0.0
2_381_u.wav,Noo..,1.0
2_385_u.wav,"No, I know, but I,he just went on.",0.0
2_387_u.wav,"Yes, I know, but her friend sounds like such a...",0.0
2_388_u.wav,"Yeah, she couldn't live without the Chan Love.",0.0
2_389_u.wav,Huh! Whats dufus speled backwards?,1.0
2_39_u.wav,"Oh hurry up, I want to sign that.",1.0
2_390_u.wav,"No, I am depressed becaues Phillis George left the morning news.",1.0
2_392_u.wav,Ah you see perfect might be a problem. Had you said co-dependent or self-destructive.,1.0
2_393_u.wav,Pheebs?,0.0
2_397_u.wav,You still love me?,0.0
2_398_u.wav,"Rose, you should sit here and watch her hack herself to death",1.0
2_400_u.wav,"Anyway, I should go, one of the lifeguards was just about to dismantle a nuclear device.",0.0
2_405_u.wav,I'm supposed to teach a graduate seminar there in ten minutes.,0.0
2_406_u.wav,For what? For letting you throw me out of your office?,1.0
2_407_u.wav,Hey!,0.0
2_408_u.wav,"Okay, but if you are not coming back soon, there is pretty much nothing I can do about it",1.0
2_409_u.wav,I'll catch you guys later.,0.0
2_410_u.wav,If you wanna put a label on it.,1.0
2_413_u.wav,Some guy bought it. I'm sorry. I tired to stop it but they put me in jail!,0.0
2_415_u.wav,"Chloe, switch with me, there's some guys here that got a crush on you.",0.0
2_416_u.wav,Were you so late because you were burying this woman?,1.0
2_419_u.wav,Uh-huh!,0.0
2_42_u.wav,"Look, please, please don't go anywhere, okay?",0.0
2_420_u.wav,"No you are not Chandler, we still love you Chandler",1.0
2_421_u.wav,Joey's got a really bad hernia but its nothing that a laser eye surgery wont fix,1.0
2_422_u.wav,"Well, I like it. Here you go.",0.0
2_423_u.wav,Like I have nothing better to do!,1.0
2_425_u.wav,And did he?,0.0
2_426_u.wav,"Are you kidding? I love that guy!  Morning's here! Morning is here,",0.0
2_427_u.wav,"Oh-oh, that's a risky little game!",0.0
2_428_u.wav,His legs flail about as if independent from his body,0.0
2_429_u.wav,"I really, really enjoyed it. Very exotic.",1.0
2_43_u.wav,"Well, y'know I'm 29. I mean who needs a savings account.",1.0
2_430_u.wav,I guess you would know that or else we would be in a predicament room,1.0
2_431_u.wav,I'm never gonna get to meet her anyway.,0.0
2_433_u.wav,I was saying the actual words,1.0
2_434_u.wav,We can? Ok I am trying that.,1.0
2_435_u.wav,"Me too! There's a game on Tuesday, do you wanna go?",0.0
2_437_u.wav,"Oh yeah. First off all, chasing the Churo guy isn't jogging.",0.0
2_438_u.wav,Really? Struck down in the prime of life.,1.0
2_439_u.wav,"Twenty-one hours, you're a hero.",0.0
2_44_u.wav,"Whoa, maybe I was!",0.0
2_440_u.wav,"No its not big, not at all. Kind of the same lines as, I don't know, having a third nipple!",1.0
2_441_u.wav,"He's right, even if it's to say something complementary.",0.0
2_442_u.wav,No its the rose in the kitchen thing.,1.0
2_443_u.wav,"Dear god, this parachute is a knapsack",1.0
2_444_u.wav,"Ross-Ross, you have no idea what this means to me!",0.0
2_445_u.wav,Okay?,0.0
2_446_u.wav,"I'd love to show ya, but I just tucked her in.",0.0
2_447_u.wav,It was an accident. Not like I was across the street with a telescope and a box of donuts.,1.0
2_448_u.wav,Do you still wanna call  'em? I wanna call  'em.,0.0
2_449_u.wav,"Oh no, now its not gonna make any sense",1.0
2_45_u.wav,"Oh ma no, it was a little girl selling girl scout toilets.",1.0
2_450_u.wav,If only there was something in your head to control the things you say.,1.0
2_454_u.wav,"Ross umm, there's something that I've got to tell you, there's-there's someone else.",0.0
2_456_u.wav,And you are gonna make them all disappear.,1.0
2_457_u.wav,"Yes, we all know how cruel a parent can be, about the flatness of a child's pillow.",1.0
2_458_u.wav,What are you up too?,0.0
2_461_u.wav,"Wow you look just like your son, Mrs. Tribbiani",1.0
2_462_u.wav,"No Rose, at a pie eating contest.",1.0
2_463_u.wav,Ok!,0.0
2_464_u.wav,"Oh, uh, no thanks. I just had an M&M.",1.0
2_465_u.wav,"No Rose, that you should do.",1.0
2_467_u.wav,That is the coast guard!,0.0
2_471_u.wav,Amazing.,1.0
2_472_u.wav,And I just won a million dollars!,0.0
2_473_u.wav,I'm the supply manager.,0.0
2_474_u.wav,Lovely,1.0
2_475_u.wav,"Oh yeah ok, including the waffles last week, you now owe me, seventeen zillion dollars.",1.0
2_477_u.wav,"And then and then you clicked it again, she's dressed. She is a business woman, she is walking down the street and oh oh oh she's naked.",0.0
2_478_u.wav,"Oh, wait a minute, I have no one.",1.0
2_479_u.wav,No I am worried she might be Phir Resuda's,1.0
2_48_u.wav,"Thanks, but I kinda have a problem to deal with here.",0.0
2_481_u.wav,All right.,0.0
2_482_u.wav,"Y'know you, you just stop being such a wuss and get those off and you come with us and watch naked girls dance around!!",0.0
2_484_u.wav,Yes yes it is! In Prison!!,1.0
2_485_u.wav,You got off to a really good start with the group.,1.0
2_486_u.wav,"Anyway, they want to take us out Saturday night! What do you say?",0.0
2_487_u.wav,"And Hornswoggle? What? Are you dating a character from ""Fraggle Rock""? Ahh.",1.0
2_488_u.wav,"Just a sec, give me a minute to wake up for this,Ah-ha-ha!!",0.0
2_489_u.wav,"No, its because I cannot make any sense of those commercials for obsession.",1.0
2_49_u.wav,We got a box.,0.0
2_490_u.wav,"Maybe it's a contest, you know? Like ""Collect all five"".",1.0
2_491_u.wav,"Let me think! Let me think! Oh, I don't care.",1.0
2_492_u.wav,"I'm sorry Sophia, but in Dorothy's defence, it sure sounds a lot like her.",1.0
2_493_u.wav,Did you tell her about the magical night that starts with the flush of every toilet?,1.0
2_494_u.wav,But younger than some buildings!,1.0
2_495_u.wav,"Okay, you guys, just relax.  I doooo.",0.0
2_498_u.wav,"Uh, so how many cameras are actually on you.",1.0
2_499_u.wav,The end.,0.0
2_50_u.wav,"Nope, that patch is no good.",1.0
2_500_u.wav,Oh my God I love that! - Really? - NO!,1.0
2_502_u.wav,I'm worried about whether Michael Jackson will be able to buy the remains of the elephant man.,1.0
2_504_u.wav,"All right, okay, well, apparently not!",1.0
2_505_u.wav,To feed the cat Rose.,1.0
2_506_u.wav,"Oh my God!! Ohh, that is it! I'm leaving! You are just a horrible person!",0.0
2_507_u.wav,"No, I haven't taken her out of the trunk of the car yet.",1.0
2_508_u.wav,"Yes, the doctor's say if they remove it, he will die!",1.0
2_509_u.wav,Crazy bitch!,1.0
2_51_u.wav,"Well, I believe the piece of furniture was fine until your little breakfast adventure with Angela Delvecchio",0.0
2_511_u.wav,"You said you spent all that money because those boots go with skirts, dresses and pants. What do you plan on wearing? A Chicken suit?",1.0
2_512_u.wav,Because it wears a little sunbrella Rose.,1.0
2_514_u.wav,What's going on?!  That's what's going on!!,0.0
2_517_u.wav,Yeah?,0.0
2_518_u.wav,Oh tons. I am quite the woodsman.,1.0
2_521_u.wav,Uh-huh!,0.0
2_522_u.wav,Yes it is.,0.0
2_523_u.wav,"Well, I'm a headhunter. I hook up out of work Soviet scientists with rogue third-world nations. Hi Rasputin!",1.0
2_524_u.wav,"Yes and we are ""very"" excited about it.",1.0
2_525_u.wav,"Y'know what I mean, like dubbies?",0.0
2_526_u.wav,"Ah well, this is the living room.",0.0
2_527_u.wav,We thought you were just here for the company. He is a sarcasmoholic Stewart.,1.0
2_53_u.wav,You're gonna have to tell me how you did that.,0.0
2_530_u.wav,"Uh, I'm gonna kill myself!",0.0
2_531_u.wav,"Yeah well that's because uh .. I stayed in my room. Yeah, you don't want to look in my hamper.",0.0
2_532_u.wav,"The Jamestown colony of Virginia. You see King George is giving us the land, so.",1.0
2_534_u.wav,"Oh, come on!",0.0
2_535_u.wav,"So, I'm sorry I just don't think we should go away together yet.",0.0
2_536_u.wav,What a baby.,0.0
2_537_u.wav,What did you want to show us? Because all I can see is this bitchin van,0.0
2_54_u.wav,"That's easy for you to say, you weren't almost just killed.",1.0
2_540_u.wav,Okay?,0.0
2_541_u.wav,Oh yeah right. And what would my opening line be? Excuse me,1.0
2_542_u.wav,"Uh, Rachel's here, so good luck man, let me know how it works out.",1.0
2_546_u.wav,"Oh sure, she was probably up all night excited about the party she knows is happening.",1.0
2_547_u.wav,"Okay, now much have you won so far?",0.0
2_548_u.wav,"Almost! But first, we gotta start.",1.0
2_549_u.wav,Really?,0.0
2_55_u.wav,"Oh hey, great, you're up. Rachel, this is my sister Krista. Krista, this is Rachel.",0.0
2_550_u.wav,All right I'll have one.,1.0
2_552_u.wav,DANGER,0.0
2_553_u.wav,"No just, nobody press on my stomach.",0.0
2_555_u.wav,Hey! It's starting to snow.,0.0
2_556_u.wav,"Joey if I go first, I want to be looking for my keys",1.0
2_557_u.wav,"Oh my God, wh-what happened?",0.0
2_558_u.wav,I can see it from right here. It'll cost you one husband.,1.0
2_559_u.wav,What?!?!,0.0
2_56_u.wav,"Uh-huh, well! But umm, still I'm-I'm mad at you.",0.0
2_560_u.wav,So now I have to go so he'll think that I'm totally ok with seeing him!,1.0
2_562_u.wav,"Look now, Phoebe remember, hey, their just fulfilling their Christmas....",0.0
2_564_u.wav,"And, uh, I don't know if you got any of that, but I would really like a copy of the tape.",0.0
2_567_u.wav,"Well yes Ross, pressing my third nipple opens the delivery entrance to the magical land of Narnia.",1.0
2_569_u.wav,Chandler?,0.0
2_570_u.wav,"Oh my god, where are all the men?",0.0
2_572_u.wav,No! I'm so happy for them!,0.0
2_573_u.wav,"Oh I see, I thought you just really really liked your new couch.",1.0
2_574_u.wav,You can't do anything.,0.0
2_575_u.wav,Why? Because she can sing and play guitar and do both at the same time?,1.0
2_576_u.wav,And then for forgetting to invite you to it.,0.0
2_577_u.wav,"On the other hand in um, in about seven months you're gonna have something that you're gonna love more than any guy you've ever gone out with.",0.0
2_579_u.wav,No!,0.0
2_58_u.wav,Why?,0.0
2_581_u.wav,"We were wondering what was taking so long with the gift, but now we understand you were doing this.",1.0
2_583_u.wav,And the bunny got away!,1.0
2_585_u.wav,"You and I, we're interfacing.",0.0
2_586_u.wav,"See now that I see crying over, but Bambi, is a cartoon.",1.0
2_587_u.wav,"Oh yes Blanche, about a half hour ago. But now I have hidden her again so you can find her.",1.0
2_588_u.wav,I talk to you and nothin'.,0.0
2_589_u.wav,Well why don't you check in one of my saddle bags while I chew on a bale of hay.,1.0
2_590_u.wav,"Yeah, I don't think so Joe.",0.0
2_591_u.wav,"How about stopping by new years eve with three naked women, throwing up in the pool, passing out in the punch bowl, and relieving yourself in the linen closet?",0.0
2_594_u.wav,I can't believe it.  Can I tell you something? I'm a little mad at him now.,0.0
2_595_u.wav,I'd miss you if I broke up with you. Just trying to be supportive.,0.0
2_596_u.wav,Noooo. Really?,1.0
2_598_u.wav,"Our balcony? Seriously? That's so funny because I told Monica we should put lights on our balcony. - And she said - ""No no, its too cold, nobody will go out there.""  - I said ""Maybe if we put some lights out there they will"".",1.0
2_599_u.wav,No I am upset because crocodin turbs are wearing darker colors.,1.0
2_602_u.wav,No way!,0.0
2_604_u.wav,"No Rose, I am developing pictures from the magellan space probe",1.0
2_607_u.wav,Hey.,0.0
2_608_u.wav,"You are right, by saying nice, I am virtually licking her.",1.0
2_609_u.wav,I just called a friend of mine.,0.0
2_611_u.wav,Just tell me how.,1.0
2_612_u.wav,"I don't know Rose, maybe Marry Poppins has an Italian cousin.",1.0
2_615_u.wav,"Hi, Joey. Well well, look what you brought. Very nice.",0.0
2_617_u.wav,And protected them from a tornado?,1.0
2_622_u.wav,"Pheebs, you may know this, you know strange things. What is the boiling point of brain?",1.0
2_623_u.wav,What do you know? Its a treat for the eyes and the ears.,1.0
2_626_u.wav,"Cause all I ever get to do now is pregnant stuff, it just bums me out.",0.0
2_627_u.wav,"Whoa, whoa, whoa.",0.0
2_65_u.wav,It's my friends.,0.0
2_66_u.wav,"Nice jon Joe, you are quite the craftsman!",1.0
2_69_u.wav,Cover yourself up!,0.0
2_7_u.wav,I've never loved anybody as much as I love you.,0.0
2_71_u.wav,"Thats good, just keep rubbing your head. That will turn back time",1.0
2_72_u.wav,Oh well. It probably would've been the most constructive solution.,0.0
2_73_u.wav,"Oh my god, you almost gave me a heart attack!",1.0
2_74_u.wav,Show them your slides of Hawaii,1.0
2_77_u.wav,"Umm, excuse me, we switched apartments. You can't eat are food anymore, that-that gravy train had ended.",0.0
2_78_u.wav,"I didn't know you and Carol were getting divorced, I'm sorry.",0.0
2_79_u.wav,"I'm just gonna throw it out, it's probably just a bunch of shampoo and...",0.0
2_8_u.wav,"It's white plastic, with a handle, and it fits onto a stroller.",0.0
2_84_u.wav,"If that doesn't keep kids in school, what will?",1.0
2_86_u.wav,"Great! Okay, here.",0.0
2_87_u.wav,Yeah it would!,0.0
2_88_u.wav,Oh.,0.0
2_89_u.wav,On the home shopping network,1.0
2_9_u.wav,"No Rose, go to the corner and open a stand",1.0
2_91_u.wav,"Alright, I'm gonna go pick up a few things for the trip.",0.0
2_92_u.wav,"No, no, I am just looking for a man to draw on me with chalk.",1.0
2_94_u.wav,"Can't do it, can you?",0.0
2_96_u.wav,I don't think so. Hello?  When you get in there,0.0
2_97_u.wav,It would be nice to have a little guarantee though.,1.0
3_S01E01_128_u.wav,"Hey, did you hear what Peter Gregory is doing?",0.0
3_S01E01_226_u.wav,"Oh. Look at me, I traveled back to 2009.",1.0
3_S01E01_255_u.wav,It's an upside down cross.,0.0
3_S01E01_568_u.wav,To his beneficence.,0.0
3_S01E02_004_u.wav,Hey. Sorry if I scared you. I know I have somewhat ghost-like features.,0.0
3_S01E02_324_u.wav,"Listen, we all love Big Head. But the truth is, he's not as good of a coder as I am, not as good at system architecture as Gilfoyle, not as good at being a prick as you, no offense.",1.0
3_S01E02_461_u.wav,I was sleeping. I'm sorry for sleeping and for lying about it.,0.0
3_S01E03_021_u.wav,Like Jesus over Satan.,0.0
3_S01E03_024_u.wav,Is it a margarita machine?,0.0
3_S01E03_056_u.wav,"""Placeholder"" would honestly be a better name than Pied Piper.",1.0
3_S01E03_122_u.wav,Your borders are merely a construct. I prefer to think of myself as a citizen of the world.,1.0
3_S01E03_249_u.wav,"We might as well have interns, we hire illegal aliens.",1.0
3_S01E03_359_u.wav,Hey! That is not Cherry Garcia.,0.0
3_S01E03_517_u.wav,He ate the whole bag of gold caps. Awesome!,0.0
3_S01E04_009_u.wav,"Oh, yeah. No, she's... She's very pretty.",0.0
3_S01E04_327_u.wav,You catch on slow. You'll fit right in here.,1.0
3_S01E04_342_u.wav,"For which I forewent, yes, that's a real word, one million dollars.",0.0
3_S01E04_356_u.wav,"is a perfect example of you having no vision, no balls and no game. Maybe he did blow him. Well, love and hate. It's all passion.",0.0
3_S01E05_417_u.wav,"Anything to do with ""error"" sounds like your whole vibe.",1.0
3_S01E05_456_u.wav,Maybe my leisurely pace is just a little faster than yours.,1.0
3_S01E05_520_u.wav,"Take your time. There's no rush, Dinesh.",1.0
3_S01E06_054_u.wav,"Yes, we are totally fucked.",0.0
3_S01E06_266_u.wav,She's attracted to ugliness.,1.0
3_S01E08_422_u.wav,At least it didn't happen in a public and brutally embarrassing way.,1.0
3_S02E01_050_u.wav,"I get it. You hear the word ""chief,"" and you think ""Indian Chief."" but you're the other kind of Indian.",1.0
3_S02E01_096_u.wav,"Richard, tell him I'm CTO. Dinesh: You already told that fat guy that I'm the CTO.",0.0
3_S02E01_413_u.wav,Oh. Wow. Thanks for the compliment.,1.0
3_S02E02_081_u.wav,But the fact that you're so sorry makes it all better.,1.0
3_S02E03_218_u.wav,Do you want me to be honest or nice?,1.0
3_S02E03_229_u.wav,Are you out of your mind?,0.0
3_S02E03_244_u.wav,Sounds like ERLICH.,1.0
3_S02E03_370_u.wav,Because we're negotiating against each other.,0.0
3_S02E03_561_u.wav,Does it mean taking a stack of cash and lighting it on fire?,1.0
3_S02E04_162_u.wav,"I disagree, OJ. We should hire the best person for the job, period.",0.0
3_S02E04_395_u.wav,"No, we all have equalized pay, remember?",0.0
3_S02E05_179_u.wav,We build our own servers.,0.0
3_S02E05_378_u.wav,"I'm sure you were great at fingerpainting, also, Dinesh.",1.0
3_S02E05_466_u.wav,"I'm not getting high on the job. I'm getting high at home. I live here, remember?",0.0
3_S02E07_256_u.wav,That's very comforting.,1.0
3_S02E10_133_u.wav,"Sorry, I couldn't remember your mother's name.",1.0
3_S03E01_185_u.wav,No.,0.0
3_S03E01_409_u.wav,That's a bold statement.,0.0
3_S03E01_431_u.wav,"(SIGHS) Great timing, guys. Thank you so much. Premium stuff, Dinesh.",1.0
3_S03E02_062_u.wav,"Gilfoyle: Yeah, compared to the shit shack we're used to, anything's an improvement.",0.0
3_S03E02_111_u.wav,"Don't you guys call it ""Rock, Rock, Rock""?",1.0
3_S03E03_012_u.wav,I can't believe you suggested the idea of building a fucking appliance.,0.0
3_S03E03_111_u.wav,"The more meetings I turn down, the more these recruiters send me.",0.0
3_S03E03_126_u.wav,"But instead of that, you bought a chain?",1.0
3_S03E03_316_u.wav,"Richard, look, I'm sorry, but I think the box is here to stay.",0.0
3_S03E03_511_u.wav,This plan better fucking work with a sacrifice like this.,0.0
3_S03E04_437_u.wav,"Thank you, Jared.",0.0
3_S04E01_575_u.wav,"But since your failure as a leader is a virtual certainty, tolerating your short reign as CEO in exchange for a front-row seat to the disaster seems fair.",1.0
3_S04E02_217_u.wav,"No, I think you should use more.",1.0
3_S04E02_326_u.wav,"I mean, I knew Dinesh was going to fuck this all up, but honestly, this couldn't get any better.",1.0
3_S04E04_363_u.wav,These are from your mom.,1.0
3_S04E05_313_u.wav,When you have to apologise,1.0
3_S04E05_320_u.wav,That was the Iranian Revolutionary Guard.,0.0
3_S04E05_485_u.wav,Your fourth child?,0.0
3_S04E05_497_u.wav,"So, you're not mad at me anymore?",0.0
3_S04E06_526_u.wav,Does it look like I care?,0.0
3_S04E07_292_u.wav,Now I can give it to ERLICH.,1.0
3_S04E10_120_u.wav,Outstanding.,1.0
3_S05E01_120_u.wav,"He was oddly tall, don't you think?",0.0
3_S05E02_072_u.wav,Congratulations. You've finally taken your rightful spot amongst the handicapped.,1.0
3_S05E02_532_u.wav,There better not be a Chinaman in my bed.,0.0
3_S05E03_098_u.wav,So do you mind telling us when you feel like you can make it in?,0.0
3_S05E05_119_u.wav,I'm worried about robots.,0.0
3_S05E06_207_u.wav,I believe we all know who's the better coder anyway.,0.0
3_S06E01_317_u.wav,He's our most profitable developer by far.,0.0
3_S06E01_417_u.wav,-Almost a human.,1.0
3_S06E01_460_u.wav,Do you need the real me for this conversation?,1.0
3_S06E02_152_u.wav,"You're new here, so I'll forgive the patronizing tone.",0.0
3_S06E02_171_u.wav,"I finished Cryptonomicon,",0.0
3_S06E02_398_u.wav,"Look, we cannot take blood money.",0.0
3_S06E03_366_u.wav,The-the same way we can buy America and everything in it.,1.0
3_S06E05_355_u.wav,"Well, maybe some time when you're working on something, I can come interrupt your flow and use words incorrectly to tell you about it.",1.0
3_S06E06_143_u.wav,I thought that was the company policy-these days.,1.0
3_S06E07_272_u.wav,That you're an alcoholic?,1.0
